<?xml version="1.0" encoding="ISO-8859-1"?><!DOCTYPE results SYSTEM "http://app.quotemedia.com/data/dtds/history.dtd"><results><copyright>Copyright (c) 2017 QuoteMedia, Inc.</copyright><symbolcount>1</symbolcount><history symbolstring="QCD:CC" start="2017-08-31" end="2017-08-31" adjusted="true" unadjusted="false"><key><symbol><![CDATA[QCD:CC]]></symbol><exchange><![CDATA[TSX]]></exchange><exLgName><![CDATA[Toronto Stock Exchange]]></exLgName><exShName><![CDATA[TSX]]></exShName><marketplace><![CDATA[TSXC]]></marketplace></key><equityinfo><longname><![CDATA[QuantShares Enhanced Core Canadian Equity ETF]]></longname><shortname><![CDATA[QCD:CC]]></shortname></equityinfo><eoddata date="2017-08-31"><open>25.49</open><high>25.55</high><low>25.49</low><close>25.52</close><vwap>25.5331</vwap><change>0.05</change><changepercent>0.196309</changepercent><sharevolume>1777</sharevolume><totalvalue>45373.1</totalvalue><totaltrades>13</totaltrades><bid>25.53</bid><ask>25.57</ask><bidsize>120000</bidsize><asksize>1720000</asksize></eoddata></history></results>