<?xml version="1.0" encoding="ISO-8859-1"?><!DOCTYPE results SYSTEM "http://app.quotemedia.com/data/dtds/history.dtd"><results><copyright>Copyright (c) 2017 QuoteMedia, Inc.</copyright><symbolcount>1</symbolcount><history symbolstring="QCD:CC" start="2017-09-13" end="2017-09-13" adjusted="true" unadjusted="false"><key><symbol><![CDATA[QCD:CC]]></symbol><exchange><![CDATA[TSX]]></exchange><exLgName><![CDATA[Toronto Stock Exchange]]></exLgName><exShName><![CDATA[TSX]]></exShName><marketplace><![CDATA[TSXC]]></marketplace></key><equityinfo><longname><![CDATA[QuantShares Enhanced Core Canadian Equity ETF]]></longname><shortname><![CDATA[QCD:CC]]></shortname></equityinfo><eoddata date="2017-09-13"><open>25.40</open><high>25.41</high><low>25.40</low><close>25.41</close><vwap>25.4005</vwap><change>-0.05</change><changepercent>-0.196386</changepercent><sharevolume>2183</sharevolume><totalvalue>55450.2</totalvalue><totaltrades>5</totaltrades><bid>25.34</bid><ask>25.40</ask><bidsize>420000</bidsize><asksize>3330000</asksize></eoddata></history></results>