<?xml version="1.0" encoding="ISO-8859-1"?><!DOCTYPE results SYSTEM "http://app.quotemedia.com/data/dtds/history.dtd"><results><copyright>Copyright (c) 2017 QuoteMedia, Inc.</copyright><symbolcount>1</symbolcount><history symbolstring="QCD:CC" start="2017-09-14" end="2017-09-14" adjusted="true" unadjusted="false"><key><symbol><![CDATA[QCD:CC]]></symbol><exchange><![CDATA[TSX]]></exchange><exLgName><![CDATA[Toronto Stock Exchange]]></exLgName><exShName><![CDATA[TSX]]></exShName><marketplace><![CDATA[TSXC]]></marketplace></key><equityinfo><longname><![CDATA[QuantShares Enhanced Core Canadian Equity ETF]]></longname><shortname><![CDATA[QCD:CC]]></shortname></equityinfo><eoddata date="2017-09-14"><open>25.40</open><high>25.40</high><low>25.40</low><close>25.40</close><vwap>25.40</vwap><change>-0.01</change><changepercent>-0.039355</changepercent><sharevolume>1077</sharevolume><totalvalue>27355.8</totalvalue><totaltrades>2</totaltrades><bid>25.41</bid><ask>25.47</ask><bidsize>1610000</bidsize><asksize>3490000</asksize></eoddata></history></results>