<?xml version="1.0" encoding="ISO-8859-1"?><!DOCTYPE results SYSTEM "http://app.quotemedia.com/data/dtds/history.dtd"><results><copyright>Copyright (c) 2017 QuoteMedia, Inc.</copyright><symbolcount>1</symbolcount><history symbolstring="QCD:CC" start="2017-10-06" end="2017-10-06" adjusted="true" unadjusted="false"><key><symbol><![CDATA[QCD:CC]]></symbol><exchange><![CDATA[TSX]]></exchange><exLgName><![CDATA[Toronto Stock Exchange]]></exLgName><exShName><![CDATA[TSX]]></exShName><marketplace><![CDATA[TSXC]]></marketplace></key><equityinfo><longname><![CDATA[QuantShares Enhanced Core Canadian Equity ETF]]></longname><shortname><![CDATA[QCD:CC]]></shortname></equityinfo><eoddata date="2017-10-06"><open>26.26</open><high>26.26</high><low>26.24</low><close>26.24</close><vwap>26.2533</vwap><change>0.05</change><changepercent>0.190913</changepercent><sharevolume>966</sharevolume><totalvalue>25360.9</totalvalue><totaltrades>4</totaltrades><bid>26.25</bid><ask>26.30</ask><bidsize>2410000</bidsize><asksize>240000</asksize></eoddata></history></results>