<?xml version="1.0" encoding="ISO-8859-1"?><!DOCTYPE results SYSTEM "http://app.quotemedia.com/data/dtds/history.dtd"><results><copyright>Copyright (c) 2017 QuoteMedia, Inc.</copyright><symbolcount>1</symbolcount><history symbolstring="QCD:CC" start="2017-04-21" end="2017-04-21" adjusted="true" unadjusted="false"><key><symbol><![CDATA[QCD:CC]]></symbol><exchange><![CDATA[TSX]]></exchange><exLgName><![CDATA[Toronto Stock Exchange]]></exLgName><exShName><![CDATA[TSX]]></exShName><marketplace><![CDATA[TSXC]]></marketplace></key><equityinfo><longname><![CDATA[QuantShares Enhanced Core Canadian Equity ETF]]></longname><shortname><![CDATA[QCD:CC]]></shortname></equityinfo><eoddata date="2017-04-21"><open>25.66</open><high>25.66</high><low>25.65</low><close>25.65</close><change>25.65</change><changepercent>0.00</changepercent><sharevolume>7000</sharevolume><totalvalue>179607.5</totalvalue><totaltrades>0</totaltrades><bid>25.66</bid><ask>25.69</ask><bidsize>120000</bidsize><asksize>120000</asksize></eoddata></history></results>