<?xml version="1.0" encoding="ISO-8859-1"?><!DOCTYPE results SYSTEM "http://app.quotemedia.com/data/dtds/history.dtd"><results><copyright>Copyright (c) 2017 QuoteMedia, Inc.</copyright><symbolcount>1</symbolcount><history symbolstring="QCD:CC" start="2017-09-07" end="2017-09-07" adjusted="true" unadjusted="false"><key><symbol><![CDATA[QCD:CC]]></symbol><exchange><![CDATA[TSX]]></exchange><exLgName><![CDATA[Toronto Stock Exchange]]></exLgName><exShName><![CDATA[TSX]]></exShName><marketplace><![CDATA[TSXC]]></marketplace></key><equityinfo><longname><![CDATA[QuantShares Enhanced Core Canadian Equity ETF]]></longname><shortname><![CDATA[QCD:CC]]></shortname></equityinfo><eoddata date="2017-09-07"><open>25.29</open><high>25.29</high><low>25.29</low><close>25.29</close><vwap>25.29</vwap><change>0.03</change><changepercent>0.118765</changepercent><sharevolume>501</sharevolume><totalvalue>12670.29</totalvalue><totaltrades>2</totaltrades><bid>25.27</bid><ask>25.32</ask><bidsize>120000</bidsize><asksize>1730000</asksize></eoddata></history></results>