<?xml version="1.0" encoding="ISO-8859-1"?><!DOCTYPE results SYSTEM "http://app.quotemedia.com/data/dtds/history.dtd"><results><copyright>Copyright (c) 2017 QuoteMedia, Inc.</copyright><symbolcount>1</symbolcount><history symbolstring="QCD:CC" start="2017-07-10" end="2017-07-10" adjusted="true" unadjusted="false"><key><symbol><![CDATA[QCD:CC]]></symbol><exchange><![CDATA[TSX]]></exchange><exLgName><![CDATA[Toronto Stock Exchange]]></exLgName><exShName><![CDATA[TSX]]></exShName><marketplace><![CDATA[TSXC]]></marketplace></key><equityinfo><longname><![CDATA[QuantShares Enhanced Core Canadian Equity ETF]]></longname><shortname><![CDATA[QCD:CC]]></shortname></equityinfo><eoddata date="2017-07-10"><open>25.34</open><high>25.34</high><low>25.34</low><close>25.34</close><vwap>25.34</vwap><change>0.15</change><changepercent>0.595474</changepercent><sharevolume>190</sharevolume><totalvalue>4814.6</totalvalue><totaltrades>2</totaltrades><bid>25.28</bid><ask>25.32</ask><bidsize>120000</bidsize><asksize>120000</asksize></eoddata></history></results>