<?xml version="1.0" encoding="ISO-8859-1"?><!DOCTYPE results SYSTEM "http://app.quotemedia.com/data/dtds/history.dtd"><results><copyright>Copyright (c) 2017 QuoteMedia, Inc.</copyright><symbolcount>1</symbolcount><history symbolstring="QCD:CC" start="2017-08-29" end="2017-08-29" adjusted="true" unadjusted="false"><key><symbol><![CDATA[QCD:CC]]></symbol><exchange><![CDATA[TSX]]></exchange><exLgName><![CDATA[Toronto Stock Exchange]]></exLgName><exShName><![CDATA[TSX]]></exShName><marketplace><![CDATA[TSXC]]></marketplace></key><equityinfo><longname><![CDATA[QuantShares Enhanced Core Canadian Equity ETF]]></longname><shortname><![CDATA[QCD:CC]]></shortname></equityinfo><eoddata date="2017-08-29"><open>25.27</open><high>25.27</high><low>25.27</low><close>25.27</close><vwap>25.27</vwap><change>0.03</change><changepercent>0.118859</changepercent><sharevolume>1230</sharevolume><totalvalue>31082.1</totalvalue><totaltrades>2</totaltrades><bid>25.30</bid><ask>25.35</ask><bidsize>3330000</bidsize><asksize>120000</asksize></eoddata></history></results>