<?xml version="1.0" encoding="ISO-8859-1"?><!DOCTYPE results SYSTEM "http://app.quotemedia.com/data/dtds/history.dtd"><results><copyright>Copyright (c) 2017 QuoteMedia, Inc.</copyright><symbolcount>1</symbolcount><history symbolstring="QCD:CC" start="2017-04-27" end="2017-04-27" adjusted="true" unadjusted="false"><key><symbol><![CDATA[QCD:CC]]></symbol><exchange><![CDATA[TSX]]></exchange><exLgName><![CDATA[Toronto Stock Exchange]]></exLgName><exShName><![CDATA[TSX]]></exShName><marketplace><![CDATA[TSXC]]></marketplace></key><equityinfo><longname><![CDATA[QuantShares Enhanced Core Canadian Equity ETF]]></longname><shortname><![CDATA[QCD:CC]]></shortname></equityinfo><eoddata date="2017-04-27"><open>25.55</open><high>25.55</high><low>25.54</low><close>25.54</close><vwap>25.5472</vwap><change>-0.25</change><changepercent>-0.969368</changepercent><sharevolume>1281</sharevolume><totalvalue>32726</totalvalue><totaltrades>2</totaltrades><bid>25.53</bid><ask>25.56</ask><bidsize>120000</bidsize><asksize>120000</asksize></eoddata></history></results>