<?xml version="1.0" encoding="ISO-8859-1"?><!DOCTYPE results SYSTEM "http://app.quotemedia.com/data/dtds/history.dtd"><results><copyright>Copyright (c) 2017 QuoteMedia, Inc.</copyright><symbolcount>1</symbolcount><history symbolstring="QCD:CC" start="2017-08-08" end="2017-08-08" adjusted="true" unadjusted="false"><key><symbol><![CDATA[QCD:CC]]></symbol><exchange><![CDATA[TSX]]></exchange><exLgName><![CDATA[Toronto Stock Exchange]]></exLgName><exShName><![CDATA[TSX]]></exShName><marketplace><![CDATA[TSXC]]></marketplace></key><equityinfo><longname><![CDATA[QuantShares Enhanced Core Canadian Equity ETF]]></longname><shortname><![CDATA[QCD:CC]]></shortname></equityinfo><eoddata date="2017-08-08"><open>25.50</open><high>25.50</high><low>25.50</low><close>25.50</close><vwap>25.50</vwap><change>0.05</change><changepercent>0.196464</changepercent><sharevolume>653</sharevolume><totalvalue>16651.5</totalvalue><totaltrades>4</totaltrades><bid>25.44</bid><ask>25.51</ask><bidsize>3210000</bidsize><asksize>3210000</asksize></eoddata></history></results>