<?xml version="1.0" encoding="ISO-8859-1"?><!DOCTYPE results SYSTEM "http://app.quotemedia.com/data/dtds/history.dtd"><results><copyright>Copyright (c) 2017 QuoteMedia, Inc.</copyright><symbolcount>1</symbolcount><history symbolstring="QCD:CC" start="2017-03-03" end="2017-03-03" adjusted="true" unadjusted="false"><key><symbol><![CDATA[QCD:CC]]></symbol><exchange><![CDATA[TSX]]></exchange><exLgName><![CDATA[Toronto Stock Exchange]]></exLgName><exShName><![CDATA[TSX]]></exShName><marketplace><![CDATA[TSXC]]></marketplace></key><equityinfo><longname><![CDATA[QuantShares Enhanced Core Canadian Equity ETF]]></longname><shortname><![CDATA[QCD:CC]]></shortname></equityinfo><eoddata date="2017-03-03"><open>25.34</open><high>25.34</high><low>25.34</low><close>25.34</close><vwap>25.34</vwap><change>0.16</change><changepercent>0.635425</changepercent><sharevolume>200</sharevolume><totalvalue>5068</totalvalue><totaltrades>1</totaltrades><bid>25.32</bid><ask>25.35</ask><bidsize>1700000</bidsize><asksize>1600000</asksize></eoddata></history></results>