<?xml version="1.0" encoding="ISO-8859-1"?><!DOCTYPE results SYSTEM "http://app.quotemedia.com/data/dtds/history.dtd"><results><copyright>Copyright (c) 2017 QuoteMedia, Inc.</copyright><symbolcount>1</symbolcount><history symbolstring="QCD:CC" start="2017-05-02" end="2017-05-02" adjusted="true" unadjusted="false"><key><symbol><![CDATA[QCD:CC]]></symbol><exchange><![CDATA[TSX]]></exchange><exLgName><![CDATA[Toronto Stock Exchange]]></exLgName><exShName><![CDATA[TSX]]></exShName><marketplace><![CDATA[TSXC]]></marketplace></key><equityinfo><longname><![CDATA[QuantShares Enhanced Core Canadian Equity ETF]]></longname><shortname><![CDATA[QCD:CC]]></shortname></equityinfo><eoddata date="2017-05-02"><open>25.87</open><high>25.87</high><low>25.87</low><close>25.87</close><vwap>25.87</vwap><change>0.18</change><changepercent>0.700662</changepercent><sharevolume>2025</sharevolume><totalvalue>52386.63</totalvalue><totaltrades>3</totaltrades><bid>25.76</bid><ask>25.83</ask><bidsize>20000</bidsize><asksize>20000</asksize></eoddata></history></results>