<?xml version="1.0" encoding="ISO-8859-1"?><!DOCTYPE results SYSTEM "http://app.quotemedia.com/data/dtds/history.dtd"><results><copyright>Copyright (c) 2017 QuoteMedia, Inc.</copyright><symbolcount>1</symbolcount><history symbolstring="QCD:CC" start="2017-04-04" end="2017-04-04" adjusted="true" unadjusted="false"><key><symbol><![CDATA[QCD:CC]]></symbol><exchange><![CDATA[TSX]]></exchange><exLgName><![CDATA[Toronto Stock Exchange]]></exLgName><exShName><![CDATA[TSX]]></exShName><marketplace><![CDATA[TSXC]]></marketplace></key><equityinfo><longname><![CDATA[QuantShares Enhanced Core Canadian Equity ETF]]></longname><shortname><![CDATA[QCD:CC]]></shortname></equityinfo><eoddata date="2017-04-04"><open>25.39</open><high>25.63</high><low>25.39</low><close>25.63</close><vwap>25.5167</vwap><change>0.23</change><changepercent>0.905512</changepercent><sharevolume>919</sharevolume><totalvalue>23451.97</totalvalue><totaltrades>6</totaltrades><bid>25.58</bid><ask>25.63</ask><bidsize>140000</bidsize><asksize>120000</asksize></eoddata></history></results>