<?xml version="1.0" encoding="ISO-8859-1"?><!DOCTYPE results SYSTEM "http://app.quotemedia.com/data/dtds/history.dtd"><results><copyright>Copyright (c) 2017 QuoteMedia, Inc.</copyright><symbolcount>1</symbolcount><history symbolstring="QCD:CC" start="2017-10-11" end="2017-10-11" adjusted="true" unadjusted="false"><key><symbol><![CDATA[QCD:CC]]></symbol><exchange><![CDATA[TSX]]></exchange><exLgName><![CDATA[Toronto Stock Exchange]]></exLgName><exShName><![CDATA[TSX]]></exShName><marketplace><![CDATA[TSXC]]></marketplace></key><equityinfo><longname><![CDATA[QuantShares Enhanced Core Canadian Equity ETF]]></longname><shortname><![CDATA[QCD:CC]]></shortname></equityinfo><eoddata date="2017-10-11"><open>26.39</open><high>26.39</high><low>26.39</low><close>26.39</close><vwap>26.39</vwap><change>-0.01</change><changepercent>-0.037879</changepercent><sharevolume>162</sharevolume><totalvalue>4275.18</totalvalue><totaltrades>2</totaltrades><bid>26.38</bid><ask>26.43</ask><bidsize>120000</bidsize><asksize>3330000</asksize></eoddata></history></results>