<?xml version="1.0" encoding="ISO-8859-1"?><!DOCTYPE results SYSTEM "http://app.quotemedia.com/data/dtds/history.dtd"><results><copyright>Copyright (c) 2017 QuoteMedia, Inc.</copyright><symbolcount>1</symbolcount><history symbolstring="QCD:CC" start="2017-06-29" end="2017-06-29" adjusted="true" unadjusted="false"><key><symbol><![CDATA[QCD:CC]]></symbol><exchange><![CDATA[TSX]]></exchange><exLgName><![CDATA[Toronto Stock Exchange]]></exLgName><exShName><![CDATA[TSX]]></exShName><marketplace><![CDATA[TSXC]]></marketplace></key><equityinfo><longname><![CDATA[QuantShares Enhanced Core Canadian Equity ETF]]></longname><shortname><![CDATA[QCD:CC]]></shortname></equityinfo><eoddata date="2017-06-29"><open>25.49</open><high>25.49</high><low>25.49</low><close>25.49</close><vwap>25.49</vwap><change>-0.23</change><changepercent>-0.894246</changepercent><sharevolume>645</sharevolume><totalvalue>16441.05</totalvalue><totaltrades>2</totaltrades><bid>25.49</bid><ask>25.53</ask><bidsize>3200000</bidsize><asksize>3320000</asksize></eoddata></history></results>