<?xml version="1.0" encoding="ISO-8859-1"?><!DOCTYPE results SYSTEM "http://app.quotemedia.com/data/dtds/history.dtd"><results><copyright>Copyright (c) 2017 QuoteMedia, Inc.</copyright><symbolcount>1</symbolcount><history symbolstring="QCD:CC" start="2017-07-26" end="2017-07-26" adjusted="true" unadjusted="false"><key><symbol><![CDATA[QCD:CC]]></symbol><exchange><![CDATA[TSX]]></exchange><exLgName><![CDATA[Toronto Stock Exchange]]></exLgName><exShName><![CDATA[TSX]]></exShName><marketplace><![CDATA[TSXC]]></marketplace></key><equityinfo><longname><![CDATA[QuantShares Enhanced Core Canadian Equity ETF]]></longname><shortname><![CDATA[QCD:CC]]></shortname></equityinfo><eoddata date="2017-07-26"><open>25.42</open><high>25.42</high><low>25.32</low><close>25.32</close><vwap>25.3237</vwap><change>0.00</change><changepercent>0.00</changepercent><sharevolume>6530</sharevolume><totalvalue>165368.96</totalvalue><totaltrades>20</totaltrades><bid>25.24</bid><ask>25.31</ask><bidsize>3210000</bidsize><asksize>3210000</asksize></eoddata></history></results>