<?xml version="1.0" encoding="ISO-8859-1"?><!DOCTYPE results SYSTEM "http://app.quotemedia.com/data/dtds/history.dtd"><results><copyright>Copyright (c) 2017 QuoteMedia, Inc.</copyright><symbolcount>1</symbolcount><history symbolstring="QCD:CC" start="2017-07-18" end="2017-07-18" adjusted="true" unadjusted="false"><key><symbol><![CDATA[QCD:CC]]></symbol><exchange><![CDATA[TSX]]></exchange><exLgName><![CDATA[Toronto Stock Exchange]]></exLgName><exShName><![CDATA[TSX]]></exShName><marketplace><![CDATA[TSXC]]></marketplace></key><equityinfo><longname><![CDATA[QuantShares Enhanced Core Canadian Equity ETF]]></longname><shortname><![CDATA[QCD:CC]]></shortname></equityinfo><eoddata date="2017-07-18"><open>25.28</open><high>25.30</high><low>25.28</low><close>25.30</close><vwap>25.2971</vwap><change>25.30</change><changepercent>0.00</changepercent><sharevolume>788</sharevolume><totalvalue>19934.4</totalvalue><totaltrades>3</totaltrades><bid>25.29</bid><ask>25.33</ask><bidsize>120000</bidsize><asksize>120000</asksize></eoddata></history></results>