<?xml version="1.0" encoding="ISO-8859-1"?><!DOCTYPE results SYSTEM "http://app.quotemedia.com/data/dtds/history.dtd"><results><copyright>Copyright (c) 2017 QuoteMedia, Inc.</copyright><symbolcount>1</symbolcount><history symbolstring="QCD:CC" start="2017-08-16" end="2017-08-16" adjusted="true" unadjusted="false"><key><symbol><![CDATA[QCD:CC]]></symbol><exchange><![CDATA[TSX]]></exchange><exLgName><![CDATA[Toronto Stock Exchange]]></exLgName><exShName><![CDATA[TSX]]></exShName><marketplace><![CDATA[TSXC]]></marketplace></key><equityinfo><longname><![CDATA[QuantShares Enhanced Core Canadian Equity ETF]]></longname><shortname><![CDATA[QCD:CC]]></shortname></equityinfo><eoddata date="2017-08-16"><open>25.42</open><high>25.42</high><low>25.42</low><close>25.42</close><vwap>25.42</vwap><change>0.06</change><changepercent>0.236593</changepercent><sharevolume>1612</sharevolume><totalvalue>40977.19</totalvalue><totaltrades>3</totaltrades><bid>25.31</bid><ask>25.36</ask><bidsize>3330000</bidsize><asksize>120000</asksize></eoddata></history></results>