<?xml version="1.0" encoding="ISO-8859-1"?><!DOCTYPE results SYSTEM "http://app.quotemedia.com/data/dtds/history.dtd"><results><copyright>Copyright (c) 2017 QuoteMedia, Inc.</copyright><symbolcount>1</symbolcount><history symbolstring="QCD:CC" start="2017-07-11" end="2017-07-11" adjusted="true" unadjusted="false"><key><symbol><![CDATA[QCD:CC]]></symbol><exchange><![CDATA[TSX]]></exchange><exLgName><![CDATA[Toronto Stock Exchange]]></exLgName><exShName><![CDATA[TSX]]></exShName><marketplace><![CDATA[TSXC]]></marketplace></key><equityinfo><longname><![CDATA[QuantShares Enhanced Core Canadian Equity ETF]]></longname><shortname><![CDATA[QCD:CC]]></shortname></equityinfo><eoddata date="2017-07-11"><open>25.27</open><high>25.27</high><low>25.27</low><close>25.27</close><vwap>25.27</vwap><change>-0.07</change><changepercent>-0.276243</changepercent><sharevolume>264</sharevolume><totalvalue>6671.28</totalvalue><totaltrades>2</totaltrades><bid>25.30</bid><ask>25.34</ask><bidsize>810000</bidsize><asksize>120000</asksize></eoddata></history></results>