<?xml version="1.0" encoding="ISO-8859-1"?><!DOCTYPE results SYSTEM "http://app.quotemedia.com/data/dtds/history.dtd"><results><copyright>Copyright (c) 2017 QuoteMedia, Inc.</copyright><symbolcount>1</symbolcount><history symbolstring="QCD:CC" start="2017-05-04" end="2017-05-04" adjusted="true" unadjusted="false"><key><symbol><![CDATA[QCD:CC]]></symbol><exchange><![CDATA[TSX]]></exchange><exLgName><![CDATA[Toronto Stock Exchange]]></exLgName><exShName><![CDATA[TSX]]></exShName><marketplace><![CDATA[TSXC]]></marketplace></key><equityinfo><longname><![CDATA[QuantShares Enhanced Core Canadian Equity ETF]]></longname><shortname><![CDATA[QCD:CC]]></shortname></equityinfo><eoddata date="2017-05-04"><open>25.52</open><high>25.52</high><low>25.50</low><close>25.50</close><vwap>25.5189</vwap><change>-0.17</change><changepercent>-0.662252</changepercent><sharevolume>2104</sharevolume><totalvalue>53692.08</totalvalue><totaltrades>11</totaltrades><bid>25.46</bid><ask>25.49</ask><bidsize>120000</bidsize><asksize>110000</asksize></eoddata></history></results>