<?xml version="1.0" encoding="ISO-8859-1"?><!DOCTYPE results SYSTEM "http://app.quotemedia.com/data/dtds/history.dtd"><results><copyright>Copyright (c) 2017 QuoteMedia, Inc.</copyright><symbolcount>1</symbolcount><history symbolstring="QCD:CC" start="2017-06-08" end="2017-06-08" adjusted="true" unadjusted="false"><key><symbol><![CDATA[QCD:CC]]></symbol><exchange><![CDATA[TSX]]></exchange><exLgName><![CDATA[Toronto Stock Exchange]]></exLgName><exShName><![CDATA[TSX]]></exShName><marketplace><![CDATA[TSXC]]></marketplace></key><equityinfo><longname><![CDATA[QuantShares Enhanced Core Canadian Equity ETF]]></longname><shortname><![CDATA[QCD:CC]]></shortname></equityinfo><eoddata date="2017-06-08"><open>25.65</open><high>25.66</high><low>25.65</low><close>25.66</close><vwap>25.6538</vwap><change>0.03</change><changepercent>0.11705</changepercent><sharevolume>1882</sharevolume><totalvalue>48279.86</totalvalue><totaltrades>9</totaltrades><bid>25.66</bid><ask>25.71</ask><bidsize>3320000</bidsize><asksize>100000</asksize></eoddata></history></results>