<?xml version="1.0" encoding="ISO-8859-1"?><!DOCTYPE results SYSTEM "http://app.quotemedia.com/data/dtds/history.dtd"><results><copyright>Copyright (c) 2017 QuoteMedia, Inc.</copyright><symbolcount>1</symbolcount><history symbolstring="QCD:CC" start="2017-08-14" end="2017-08-14" adjusted="true" unadjusted="false"><key><symbol><![CDATA[QCD:CC]]></symbol><exchange><![CDATA[TSX]]></exchange><exLgName><![CDATA[Toronto Stock Exchange]]></exLgName><exShName><![CDATA[TSX]]></exShName><marketplace><![CDATA[TSXC]]></marketplace></key><equityinfo><longname><![CDATA[QuantShares Enhanced Core Canadian Equity ETF]]></longname><shortname><![CDATA[QCD:CC]]></shortname></equityinfo><eoddata date="2017-08-14"><open>25.37</open><high>25.37</high><low>25.37</low><close>25.37</close><vwap>25.37</vwap><change>0.22</change><changepercent>0.874752</changepercent><sharevolume>2526</sharevolume><totalvalue>64084.62</totalvalue><totaltrades>5</totaltrades><bid>25.33</bid><ask>25.38</ask><bidsize>120000</bidsize><asksize>1720000</asksize></eoddata></history></results>