<?xml version="1.0" encoding="ISO-8859-1"?><!DOCTYPE results SYSTEM "http://app.quotemedia.com/data/dtds/history.dtd"><results><copyright>Copyright (c) 2017 QuoteMedia, Inc.</copyright><symbolcount>1</symbolcount><history symbolstring="QCD:CC" start="2017-03-22" end="2017-03-22" adjusted="true" unadjusted="false"><key><symbol><![CDATA[QCD:CC]]></symbol><exchange><![CDATA[TSX]]></exchange><exLgName><![CDATA[Toronto Stock Exchange]]></exLgName><exShName><![CDATA[TSX]]></exShName><marketplace><![CDATA[TSXC]]></marketplace></key><equityinfo><longname><![CDATA[QuantShares Enhanced Core Canadian Equity ETF]]></longname><shortname><![CDATA[QCD:CC]]></shortname></equityinfo><eoddata date="2017-03-22"><open>25.01</open><high>25.01</high><low>25.01</low><close>25.01</close><vwap>25.01</vwap><change>-0.07</change><changepercent>-0.279107</changepercent><sharevolume>4200</sharevolume><totalvalue>105042</totalvalue><totaltrades>1</totaltrades><bid>25.01</bid><ask>25.08</ask><bidsize>1600000</bidsize><asksize>1600000</asksize></eoddata></history></results>