<?xml version="1.0" encoding="ISO-8859-1"?><!DOCTYPE results SYSTEM "http://app.quotemedia.com/data/dtds/history.dtd"><results><copyright>Copyright (c) 2017 QuoteMedia, Inc.</copyright><symbolcount>1</symbolcount><history symbolstring="QCD:CC" start="2017-09-27" end="2017-09-27" adjusted="true" unadjusted="false"><key><symbol><![CDATA[QCD:CC]]></symbol><exchange><![CDATA[TSX]]></exchange><exLgName><![CDATA[Toronto Stock Exchange]]></exLgName><exShName><![CDATA[TSX]]></exShName><marketplace><![CDATA[TSXC]]></marketplace></key><equityinfo><longname><![CDATA[QuantShares Enhanced Core Canadian Equity ETF]]></longname><shortname><![CDATA[QCD:CC]]></shortname></equityinfo><eoddata date="2017-09-27"><open>25.95</open><high>25.95</high><low>25.94</low><close>25.94</close><vwap>25.9438</vwap><change>0.19</change><changepercent>0.737864</changepercent><sharevolume>6880</sharevolume><totalvalue>178494</totalvalue><totaltrades>5</totaltrades><bid>25.95</bid><ask>26.01</ask><bidsize>2790000</bidsize><asksize>3210000</asksize></eoddata></history></results>