<?xml version="1.0" encoding="ISO-8859-1"?><!DOCTYPE results SYSTEM "http://app.quotemedia.com/data/dtds/history.dtd"><results><copyright>Copyright (c) 2017 QuoteMedia, Inc.</copyright><symbolcount>1</symbolcount><history symbolstring="QCD:CC" start="2017-07-28" end="2017-07-28" adjusted="true" unadjusted="false"><key><symbol><![CDATA[QCD:CC]]></symbol><exchange><![CDATA[TSX]]></exchange><exLgName><![CDATA[Toronto Stock Exchange]]></exLgName><exShName><![CDATA[TSX]]></exShName><marketplace><![CDATA[TSXC]]></marketplace></key><equityinfo><longname><![CDATA[QuantShares Enhanced Core Canadian Equity ETF]]></longname><shortname><![CDATA[QCD:CC]]></shortname></equityinfo><eoddata date="2017-07-28"><open>25.17</open><high>25.24</high><low>25.17</low><close>25.24</close><vwap>25.2381</vwap><change>-0.07</change><changepercent>-0.276571</changepercent><sharevolume>3735</sharevolume><totalvalue>94264.4</totalvalue><totaltrades>8</totaltrades><bid>25.18</bid><ask>25.23</ask><bidsize>3330000</bidsize><asksize>120000</asksize></eoddata></history></results>