<?xml version="1.0" encoding="ISO-8859-1"?><!DOCTYPE results SYSTEM "http://app.quotemedia.com/data/dtds/history.dtd"><results><copyright>Copyright (c) 2017 QuoteMedia, Inc.</copyright><symbolcount>1</symbolcount><history symbolstring="QCD:CC" start="2017-08-28" end="2017-08-28" adjusted="true" unadjusted="false"><key><symbol><![CDATA[QCD:CC]]></symbol><exchange><![CDATA[TSX]]></exchange><exLgName><![CDATA[Toronto Stock Exchange]]></exLgName><exShName><![CDATA[TSX]]></exShName><marketplace><![CDATA[TSXC]]></marketplace></key><equityinfo><longname><![CDATA[QuantShares Enhanced Core Canadian Equity ETF]]></longname><shortname><![CDATA[QCD:CC]]></shortname></equityinfo><eoddata date="2017-08-28"><open>25.24</open><high>25.24</high><low>25.24</low><close>25.24</close><vwap>25.24</vwap><change>-0.06</change><changepercent>-0.237154</changepercent><sharevolume>7983</sharevolume><totalvalue>201490.92</totalvalue><totaltrades>1</totaltrades><bid>25.25</bid><ask>25.29</ask><bidsize>1610000</bidsize><asksize>120000</asksize></eoddata></history></results>