<?xml version="1.0" encoding="ISO-8859-1"?><!DOCTYPE results SYSTEM "http://app.quotemedia.com/data/dtds/history.dtd"><results><copyright>Copyright (c) 2017 QuoteMedia, Inc.</copyright><symbolcount>1</symbolcount><history symbolstring="QCD:CC" start="2017-05-30" end="2017-05-30" adjusted="true" unadjusted="false"><key><symbol><![CDATA[QCD:CC]]></symbol><exchange><![CDATA[TSX]]></exchange><exLgName><![CDATA[Toronto Stock Exchange]]></exLgName><exShName><![CDATA[TSX]]></exShName><marketplace><![CDATA[TSXC]]></marketplace></key><equityinfo><longname><![CDATA[QuantShares Enhanced Core Canadian Equity ETF]]></longname><shortname><![CDATA[QCD:CC]]></shortname></equityinfo><eoddata date="2017-05-30"><open>25.60</open><high>25.60</high><low>25.60</low><close>25.60</close><vwap>25.60</vwap><change>-0.03</change><changepercent>-0.11705</changepercent><sharevolume>981</sharevolume><totalvalue>25113.6</totalvalue><totaltrades>8</totaltrades><bid>25.55</bid><ask>25.61</ask><bidsize>1620000</bidsize><asksize>1600000</asksize></eoddata></history></results>