<?xml version="1.0" encoding="ISO-8859-1"?><!DOCTYPE results SYSTEM "http://app.quotemedia.com/data/dtds/history.dtd"><results><copyright>Copyright (c) 2017 QuoteMedia, Inc.</copyright><symbolcount>1</symbolcount><history symbolstring="QCD:CC" start="2017-09-06" end="2017-09-06" adjusted="true" unadjusted="false"><key><symbol><![CDATA[QCD:CC]]></symbol><exchange><![CDATA[TSX]]></exchange><exLgName><![CDATA[Toronto Stock Exchange]]></exLgName><exShName><![CDATA[TSX]]></exShName><marketplace><![CDATA[TSXC]]></marketplace></key><equityinfo><longname><![CDATA[QuantShares Enhanced Core Canadian Equity ETF]]></longname><shortname><![CDATA[QCD:CC]]></shortname></equityinfo><eoddata date="2017-09-06"><open>25.38</open><high>25.38</high><low>25.26</low><close>25.26</close><vwap>25.334</vwap><change>-0.25</change><changepercent>-0.980008</changepercent><sharevolume>8635</sharevolume><totalvalue>218756.1</totalvalue><totaltrades>8</totaltrades><bid>25.24</bid><ask>25.30</ask><bidsize>1610000</bidsize><asksize>3210000</asksize></eoddata></history></results>