<?xml version="1.0" encoding="ISO-8859-1"?><!DOCTYPE results SYSTEM "http://app.quotemedia.com/data/dtds/history.dtd"><results><copyright>Copyright (c) 2017 QuoteMedia, Inc.</copyright><symbolcount>1</symbolcount><history symbolstring="QCD:CC" start="2017-10-13" end="2017-10-13" adjusted="true" unadjusted="false"><key><symbol><![CDATA[QCD:CC]]></symbol><exchange><![CDATA[TSX]]></exchange><exLgName><![CDATA[Toronto Stock Exchange]]></exLgName><exShName><![CDATA[TSX]]></exShName><marketplace><![CDATA[TSXC]]></marketplace></key><equityinfo><longname><![CDATA[QuantShares Enhanced Core Canadian Equity ETF]]></longname><shortname><![CDATA[QCD:CC]]></shortname></equityinfo><eoddata date="2017-10-13"><open>26.47</open><high>26.47</high><low>26.45</low><close>26.45</close><vwap>26.4567</vwap><change>0.07</change><changepercent>0.265353</changepercent><sharevolume>895</sharevolume><totalvalue>23679.45</totalvalue><totaltrades>9</totaltrades><bid>26.40</bid><ask>26.46</ask><bidsize>3210000</bidsize><asksize>3210000</asksize></eoddata></history></results>