<?xml version="1.0" encoding="ISO-8859-1"?><!DOCTYPE results SYSTEM "http://app.quotemedia.com/data/dtds/history.dtd"><results><copyright>Copyright (c) 2017 QuoteMedia, Inc.</copyright><symbolcount>1</symbolcount><history symbolstring="QCD:CC" start="2017-07-21" end="2017-07-21" adjusted="true" unadjusted="false"><key><symbol><![CDATA[QCD:CC]]></symbol><exchange><![CDATA[TSX]]></exchange><exLgName><![CDATA[Toronto Stock Exchange]]></exLgName><exShName><![CDATA[TSX]]></exShName><marketplace><![CDATA[TSXC]]></marketplace></key><equityinfo><longname><![CDATA[QuantShares Enhanced Core Canadian Equity ETF]]></longname><shortname><![CDATA[QCD:CC]]></shortname></equityinfo><eoddata date="2017-07-21"><open>25.30</open><high>25.355</high><low>25.30</low><close>25.355</close><vwap>25.355</vwap><change>-0.095</change><changepercent>-0.373281</changepercent><sharevolume>2146609</sharevolume><totalvalue>54427254.3</totalvalue><totaltrades>3</totaltrades><bid>25.32</bid><ask>25.38</ask><bidsize>1610000</bidsize><asksize>3210000</asksize></eoddata></history></results>