<?xml version="1.0" encoding="ISO-8859-1"?><!DOCTYPE results SYSTEM "http://app.quotemedia.com/data/dtds/history.dtd"><results><copyright>Copyright (c) 2017 QuoteMedia, Inc.</copyright><symbolcount>1</symbolcount><history symbolstring="QCD:CC" start="2017-08-21" end="2017-08-21" adjusted="true" unadjusted="false"><key><symbol><![CDATA[QCD:CC]]></symbol><exchange><![CDATA[TSX]]></exchange><exLgName><![CDATA[Toronto Stock Exchange]]></exLgName><exShName><![CDATA[TSX]]></exShName><marketplace><![CDATA[TSXC]]></marketplace></key><equityinfo><longname><![CDATA[QuantShares Enhanced Core Canadian Equity ETF]]></longname><shortname><![CDATA[QCD:CC]]></shortname></equityinfo><eoddata date="2017-08-21"><open>25.15</open><high>25.15</high><low>25.15</low><close>25.15</close><vwap>25.15</vwap><change>0.00</change><changepercent>0.00</changepercent><sharevolume>209</sharevolume><totalvalue>5256.65</totalvalue><totaltrades>4</totaltrades><bid>25.14</bid><ask>25.20</ask><bidsize>1720000</bidsize><asksize>3330000</asksize></eoddata></history></results>