<?xml version="1.0" encoding="ISO-8859-1"?><!DOCTYPE results SYSTEM "http://app.quotemedia.com/data/dtds/history.dtd"><results><copyright>Copyright (c) 2017 QuoteMedia, Inc.</copyright><symbolcount>1</symbolcount><history symbolstring="QCD:CC" start="2017-01-30" end="2017-01-30" adjusted="true" unadjusted="false"><key><symbol><![CDATA[QCD:CC]]></symbol><exchange><![CDATA[TSX]]></exchange><exLgName><![CDATA[Toronto Stock Exchange]]></exLgName><exShName><![CDATA[TSX]]></exShName><marketplace><![CDATA[TSXC]]></marketplace></key><equityinfo><longname><![CDATA[QuantShares Enhanced Core Canadian Equity ETF]]></longname><shortname><![CDATA[QCD:CC]]></shortname></equityinfo><eoddata date="2017-01-30"><open>25.01</open><high>25.03</high><low>25.01</low><close>25.03</close><vwap>25.0293</vwap><change>25.03</change><changepercent>0.00</changepercent><sharevolume>5504</sharevolume><totalvalue>137764.86</totalvalue><totaltrades>4</totaltrades><bid>24.96</bid><ask>25.06</ask><bidsize>560000</bidsize><asksize>560000</asksize></eoddata></history></results>