<?xml version="1.0" encoding="ISO-8859-1"?><!DOCTYPE results SYSTEM "http://app.quotemedia.com/data/dtds/history.dtd"><results><copyright>Copyright (c) 2017 QuoteMedia, Inc.</copyright><symbolcount>1</symbolcount><history symbolstring="QCD:CC" start="2017-05-11" end="2017-05-11" adjusted="true" unadjusted="false"><key><symbol><![CDATA[QCD:CC]]></symbol><exchange><![CDATA[TSX]]></exchange><exLgName><![CDATA[Toronto Stock Exchange]]></exLgName><exShName><![CDATA[TSX]]></exShName><marketplace><![CDATA[TSXC]]></marketplace></key><equityinfo><longname><![CDATA[QuantShares Enhanced Core Canadian Equity ETF]]></longname><shortname><![CDATA[QCD:CC]]></shortname></equityinfo><eoddata date="2017-05-11"><open>25.71</open><high>25.71</high><low>25.71</low><close>25.71</close><vwap>25.71</vwap><change>-0.11</change><changepercent>-0.426026</changepercent><sharevolume>120</sharevolume><totalvalue>3085.2</totalvalue><totaltrades>2</totaltrades><bid>25.65</bid><ask>25.69</ask><bidsize>120000</bidsize><asksize>120000</asksize></eoddata></history></results>