<?xml version="1.0" encoding="ISO-8859-1"?><!DOCTYPE results SYSTEM "http://app.quotemedia.com/data/dtds/history.dtd"><results><copyright>Copyright (c) 2017 QuoteMedia, Inc.</copyright><symbolcount>1</symbolcount><history symbolstring="QCD:CC" start="2017-07-04" end="2017-07-04" adjusted="true" unadjusted="false"><key><symbol><![CDATA[QCD:CC]]></symbol><exchange><![CDATA[TSX]]></exchange><exLgName><![CDATA[Toronto Stock Exchange]]></exLgName><exShName><![CDATA[TSX]]></exShName><marketplace><![CDATA[TSXC]]></marketplace></key><equityinfo><longname><![CDATA[QuantShares Enhanced Core Canadian Equity ETF]]></longname><shortname><![CDATA[QCD:CC]]></shortname></equityinfo><eoddata date="2017-07-04"><open>25.37</open><high>25.37</high><low>25.37</low><close>25.37</close><vwap>25.37</vwap><change>-0.08</change><changepercent>-0.314342</changepercent><sharevolume>128</sharevolume><totalvalue>3247.36</totalvalue><totaltrades>2</totaltrades><bid>25.32</bid><ask>25.39</ask><bidsize>1610000</bidsize><asksize>810000</asksize></eoddata></history></results>