<?xml version="1.0" encoding="ISO-8859-1"?><!DOCTYPE results SYSTEM "http://app.quotemedia.com/data/dtds/history.dtd"><results><copyright>Copyright (c) 2017 QuoteMedia, Inc.</copyright><symbolcount>1</symbolcount><history symbolstring="QCD:CC" start="2017-07-31" end="2017-07-31" adjusted="true" unadjusted="false"><key><symbol><![CDATA[QCD:CC]]></symbol><exchange><![CDATA[TSX]]></exchange><exLgName><![CDATA[Toronto Stock Exchange]]></exLgName><exShName><![CDATA[TSX]]></exShName><marketplace><![CDATA[TSXC]]></marketplace></key><equityinfo><longname><![CDATA[QuantShares Enhanced Core Canadian Equity ETF]]></longname><shortname><![CDATA[QCD:CC]]></shortname></equityinfo><eoddata date="2017-07-31"><open>25.28</open><high>25.30</high><low>25.28</low><close>25.30</close><vwap>25.296</vwap><change>0.06</change><changepercent>0.237718</changepercent><sharevolume>556</sharevolume><totalvalue>14063.92</totalvalue><totaltrades>4</totaltrades><bid>25.21</bid><ask>25.25</ask><bidsize>300000</bidsize><asksize>80000</asksize></eoddata></history></results>