<?xml version="1.0" encoding="ISO-8859-1"?><!DOCTYPE results SYSTEM "http://app.quotemedia.com/data/dtds/history.dtd"><results><copyright>Copyright (c) 2017 QuoteMedia, Inc.</copyright><symbolcount>1</symbolcount><history symbolstring="QCD:CC" start="2017-03-15" end="2017-03-15" adjusted="true" unadjusted="false"><key><symbol><![CDATA[QCD:CC]]></symbol><exchange><![CDATA[TSX]]></exchange><exLgName><![CDATA[Toronto Stock Exchange]]></exLgName><exShName><![CDATA[TSX]]></exShName><marketplace><![CDATA[TSXC]]></marketplace></key><equityinfo><longname><![CDATA[QuantShares Enhanced Core Canadian Equity ETF]]></longname><shortname><![CDATA[QCD:CC]]></shortname></equityinfo><eoddata date="2017-03-15"><open>25.21</open><high>25.21</high><low>25.21</low><close>25.21</close><vwap>25.21</vwap><change>-0.05</change><changepercent>-0.197941</changepercent><sharevolume>613</sharevolume><totalvalue>15453.73</totalvalue><totaltrades>2</totaltrades><bid>25.23</bid><ask>25.27</ask><bidsize>20000</bidsize><asksize>510000</asksize></eoddata></history></results>