<?xml version="1.0" encoding="ISO-8859-1"?><!DOCTYPE results SYSTEM "http://app.quotemedia.com/data/dtds/history.dtd"><results><copyright>Copyright (c) 2017 QuoteMedia, Inc.</copyright><symbolcount>1</symbolcount><history symbolstring="QCD:CC" start="2017-09-22" end="2017-09-22" adjusted="true" unadjusted="false"><key><symbol><![CDATA[QCD:CC]]></symbol><exchange><![CDATA[TSX]]></exchange><exLgName><![CDATA[Toronto Stock Exchange]]></exLgName><exShName><![CDATA[TSX]]></exShName><marketplace><![CDATA[TSXC]]></marketplace></key><equityinfo><longname><![CDATA[QuantShares Enhanced Core Canadian Equity ETF]]></longname><shortname><![CDATA[QCD:CC]]></shortname></equityinfo><eoddata date="2017-09-22"><open>25.70</open><high>25.70</high><low>25.68</low><close>25.68</close><vwap>25.696</vwap><change>0.05</change><changepercent>0.195084</changepercent><sharevolume>640</sharevolume><totalvalue>16444.02</totalvalue><totaltrades>4</totaltrades><bid>25.67</bid><ask>25.73</ask><bidsize>3210000</bidsize><asksize>1600000</asksize></eoddata></history></results>