<?xml version="1.0" encoding="ISO-8859-1"?><!DOCTYPE results SYSTEM "http://app.quotemedia.com/data/dtds/history.dtd"><results><copyright>Copyright (c) 2017 QuoteMedia, Inc.</copyright><symbolcount>1</symbolcount><history symbolstring="QCD:CC" start="2017-08-15" end="2017-08-15" adjusted="true" unadjusted="false"><key><symbol><![CDATA[QCD:CC]]></symbol><exchange><![CDATA[TSX]]></exchange><exLgName><![CDATA[Toronto Stock Exchange]]></exLgName><exShName><![CDATA[TSX]]></exShName><marketplace><![CDATA[TSXC]]></marketplace></key><equityinfo><longname><![CDATA[QuantShares Enhanced Core Canadian Equity ETF]]></longname><shortname><![CDATA[QCD:CC]]></shortname></equityinfo><eoddata date="2017-08-15"><open>25.36</open><high>25.36</high><low>25.36</low><close>25.36</close><vwap>25.36</vwap><change>-0.01</change><changepercent>-0.039417</changepercent><sharevolume>1601</sharevolume><totalvalue>40601.36</totalvalue><totaltrades>8</totaltrades><bid>25.33</bid><ask>25.37</ask><bidsize>120000</bidsize><asksize>3210000</asksize></eoddata></history></results>