<?xml version="1.0" encoding="ISO-8859-1"?><!DOCTYPE results SYSTEM "http://app.quotemedia.com/data/dtds/history.dtd"><results><copyright>Copyright (c) 2017 QuoteMedia, Inc.</copyright><symbolcount>1</symbolcount><history symbolstring="QCD:CC" start="2017-09-19" end="2017-09-19" adjusted="true" unadjusted="false"><key><symbol><![CDATA[QCD:CC]]></symbol><exchange><![CDATA[TSX]]></exchange><exLgName><![CDATA[Toronto Stock Exchange]]></exLgName><exShName><![CDATA[TSX]]></exShName><marketplace><![CDATA[TSXC]]></marketplace></key><equityinfo><longname><![CDATA[QuantShares Enhanced Core Canadian Equity ETF]]></longname><shortname><![CDATA[QCD:CC]]></shortname></equityinfo><eoddata date="2017-09-19"><open>25.54</open><high>25.59</high><low>25.54</low><close>25.59</close><vwap>25.5789</vwap><change>0.18</change><changepercent>0.708383</changepercent><sharevolume>1117</sharevolume><totalvalue>28572.53</totalvalue><totaltrades>8</totaltrades><bid>25.53</bid><ask>25.58</ask><bidsize>3290000</bidsize><asksize>80000</asksize></eoddata></history></results>