<?xml version="1.0" encoding="ISO-8859-1"?><!DOCTYPE results SYSTEM "http://app.quotemedia.com/data/dtds/history.dtd"><results><copyright>Copyright (c) 2017 QuoteMedia, Inc.</copyright><symbolcount>1</symbolcount><history symbolstring="QCD:CC" start="2017-07-27" end="2017-07-27" adjusted="true" unadjusted="false"><key><symbol><![CDATA[QCD:CC]]></symbol><exchange><![CDATA[TSX]]></exchange><exLgName><![CDATA[Toronto Stock Exchange]]></exLgName><exShName><![CDATA[TSX]]></exShName><marketplace><![CDATA[TSXC]]></marketplace></key><equityinfo><longname><![CDATA[QuantShares Enhanced Core Canadian Equity ETF]]></longname><shortname><![CDATA[QCD:CC]]></shortname></equityinfo><eoddata date="2017-07-27"><open>25.14</open><high>25.31</high><low>25.14</low><close>25.31</close><vwap>25.1491</vwap><change>-0.01</change><changepercent>-0.039494</changepercent><sharevolume>4605</sharevolume><totalvalue>115823.95</totalvalue><totaltrades>7</totaltrades><bid>25.27</bid><ask>25.33</ask><bidsize>3210000</bidsize><asksize>2410000</asksize></eoddata></history></results>