<?xml version="1.0" encoding="ISO-8859-1"?><!DOCTYPE results SYSTEM "http://app.quotemedia.com/data/dtds/history.dtd"><results><copyright>Copyright (c) 2017 QuoteMedia, Inc.</copyright><symbolcount>1</symbolcount><history symbolstring="QCD:CC" start="2017-06-12" end="2017-06-12" adjusted="true" unadjusted="false"><key><symbol><![CDATA[QCD:CC]]></symbol><exchange><![CDATA[TSX]]></exchange><exLgName><![CDATA[Toronto Stock Exchange]]></exLgName><exShName><![CDATA[TSX]]></exShName><marketplace><![CDATA[TSXC]]></marketplace></key><equityinfo><longname><![CDATA[QuantShares Enhanced Core Canadian Equity ETF]]></longname><shortname><![CDATA[QCD:CC]]></shortname></equityinfo><eoddata date="2017-06-12"><open>25.61</open><high>25.61</high><low>25.58</low><close>25.58</close><vwap>25.60</vwap><change>-0.15</change><changepercent>-0.582977</changepercent><sharevolume>340</sharevolume><totalvalue>8703.23</totalvalue><totaltrades>4</totaltrades><bid>25.59</bid><ask>25.65</ask><bidsize>820000</bidsize><asksize>820000</asksize></eoddata></history></results>