<?xml version="1.0" encoding="ISO-8859-1"?><!DOCTYPE results SYSTEM "http://app.quotemedia.com/data/dtds/history.dtd"><results><copyright>Copyright (c) 2017 QuoteMedia, Inc.</copyright><symbolcount>1</symbolcount><history symbolstring="QCD:CC" start="2017-08-17" end="2017-08-17" adjusted="true" unadjusted="false"><key><symbol><![CDATA[QCD:CC]]></symbol><exchange><![CDATA[TSX]]></exchange><exLgName><![CDATA[Toronto Stock Exchange]]></exLgName><exShName><![CDATA[TSX]]></exShName><marketplace><![CDATA[TSXC]]></marketplace></key><equityinfo><longname><![CDATA[QuantShares Enhanced Core Canadian Equity ETF]]></longname><shortname><![CDATA[QCD:CC]]></shortname></equityinfo><eoddata date="2017-08-17"><open>25.27</open><high>25.30</high><low>25.27</low><close>25.30</close><vwap>25.2726</vwap><change>-0.12</change><changepercent>-0.472069</changepercent><sharevolume>2858</sharevolume><totalvalue>72229.41</totalvalue><totaltrades>9</totaltrades><bid>25.24</bid><ask>25.29</ask><bidsize>1610000</bidsize><asksize>120000</asksize></eoddata></history></results>