<?xml version="1.0" encoding="ISO-8859-1"?><!DOCTYPE results SYSTEM "http://app.quotemedia.com/data/dtds/history.dtd"><results><copyright>Copyright (c) 2017 QuoteMedia, Inc.</copyright><symbolcount>1</symbolcount><history symbolstring="QCD:CC" start="2017-02-08" end="2017-02-08" adjusted="true" unadjusted="false"><key><symbol><![CDATA[QCD:CC]]></symbol><exchange><![CDATA[TSX]]></exchange><exLgName><![CDATA[Toronto Stock Exchange]]></exLgName><exShName><![CDATA[TSX]]></exShName><marketplace><![CDATA[TSXC]]></marketplace></key><equityinfo><longname><![CDATA[QuantShares Enhanced Core Canadian Equity ETF]]></longname><shortname><![CDATA[QCD:CC]]></shortname></equityinfo><eoddata date="2017-02-08"><open>25.11</open><high>25.11</high><low>25.11</low><close>25.11</close><vwap>25.11</vwap><change>0.10</change><changepercent>0.39984</changepercent><sharevolume>9</sharevolume><totalvalue>225.99</totalvalue><totaltrades>1</totaltrades><bid>25.25</bid><ask>25.32</ask><bidsize>20000</bidsize><asksize>20000</asksize></eoddata></history></results>