<?xml version="1.0" encoding="ISO-8859-1"?><!DOCTYPE results SYSTEM "http://app.quotemedia.com/data/dtds/history.dtd"><results><copyright>Copyright (c) 2017 QuoteMedia, Inc.</copyright><symbolcount>1</symbolcount><history symbolstring="QCD:CC" start="2017-04-05" end="2017-04-05" adjusted="true" unadjusted="false"><key><symbol><![CDATA[QCD:CC]]></symbol><exchange><![CDATA[TSX]]></exchange><exLgName><![CDATA[Toronto Stock Exchange]]></exLgName><exShName><![CDATA[TSX]]></exShName><marketplace><![CDATA[TSXC]]></marketplace></key><equityinfo><longname><![CDATA[QuantShares Enhanced Core Canadian Equity ETF]]></longname><shortname><![CDATA[QCD:CC]]></shortname></equityinfo><eoddata date="2017-04-05"><open>25.69</open><high>25.69</high><low>25.69</low><close>25.69</close><vwap>25.69</vwap><change>0.06</change><changepercent>0.234101</changepercent><sharevolume>390</sharevolume><totalvalue>10019.1</totalvalue><totaltrades>2</totaltrades><bid>25.57</bid><ask>25.63</ask><bidsize>1770000</bidsize><asksize>3200000</asksize></eoddata></history></results>