<?xml version="1.0" encoding="ISO-8859-1"?><!DOCTYPE results SYSTEM "http://app.quotemedia.com/data/dtds/history.dtd"><results><copyright>Copyright (c) 2017 QuoteMedia, Inc.</copyright><symbolcount>1</symbolcount><history symbolstring="QCD:CC" start="2017-09-08" end="2017-09-08" adjusted="true" unadjusted="false"><key><symbol><![CDATA[QCD:CC]]></symbol><exchange><![CDATA[TSX]]></exchange><exLgName><![CDATA[Toronto Stock Exchange]]></exLgName><exShName><![CDATA[TSX]]></exShName><marketplace><![CDATA[TSXC]]></marketplace></key><equityinfo><longname><![CDATA[QuantShares Enhanced Core Canadian Equity ETF]]></longname><shortname><![CDATA[QCD:CC]]></shortname></equityinfo><eoddata date="2017-09-08"><open>25.24</open><high>25.26</high><low>25.24</low><close>25.26</close><vwap>25.244</vwap><change>-0.03</change><changepercent>-0.118624</changepercent><sharevolume>586</sharevolume><totalvalue>14792.64</totalvalue><totaltrades>3</totaltrades><bid>25.24</bid><ask>25.30</ask><bidsize>3210000</bidsize><asksize>3330000</asksize></eoddata></history></results>