<?xml version="1.0" encoding="ISO-8859-1"?><!DOCTYPE results SYSTEM "http://app.quotemedia.com/data/dtds/history.dtd"><results><copyright>Copyright (c) 2017 QuoteMedia, Inc.</copyright><symbolcount>1</symbolcount><history symbolstring="QCD:CC" start="2017-05-16" end="2017-05-16" adjusted="true" unadjusted="false"><key><symbol><![CDATA[QCD:CC]]></symbol><exchange><![CDATA[TSX]]></exchange><exLgName><![CDATA[Toronto Stock Exchange]]></exLgName><exShName><![CDATA[TSX]]></exShName><marketplace><![CDATA[TSXC]]></marketplace></key><equityinfo><longname><![CDATA[QuantShares Enhanced Core Canadian Equity ETF]]></longname><shortname><![CDATA[QCD:CC]]></shortname></equityinfo><eoddata date="2017-05-16"><open>25.80</open><high>25.80</high><low>25.75</low><close>25.75</close><vwap>25.792</vwap><change>-0.04</change><changepercent>-0.155099</changepercent><sharevolume>1151</sharevolume><totalvalue>29687.8</totalvalue><totaltrades>6</totaltrades><bid>25.69</bid><ask>25.71</ask><bidsize>300000</bidsize><asksize>100000</asksize></eoddata></history></results>