<?xml version="1.0" encoding="ISO-8859-1"?><!DOCTYPE results SYSTEM "http://app.quotemedia.com/data/dtds/history.dtd"><results><copyright>Copyright (c) 2017 QuoteMedia, Inc.</copyright><symbolcount>1</symbolcount><history symbolstring="QCD:CC" start="2017-06-21" end="2017-06-21" adjusted="true" unadjusted="false"><key><symbol><![CDATA[QCD:CC]]></symbol><exchange><![CDATA[TSX]]></exchange><exLgName><![CDATA[Toronto Stock Exchange]]></exLgName><exShName><![CDATA[TSX]]></exShName><marketplace><![CDATA[TSXC]]></marketplace></key><equityinfo><longname><![CDATA[QuantShares Enhanced Core Canadian Equity ETF]]></longname><shortname><![CDATA[QCD:CC]]></shortname></equityinfo><eoddata date="2017-06-21"><open>25.42</open><high>25.42</high><low>25.42</low><close>25.42</close><vwap>25.42</vwap><change>0.02</change><changepercent>0.07874</changepercent><sharevolume>742</sharevolume><totalvalue>18861.64</totalvalue><totaltrades>4</totaltrades><bid>25.37</bid><ask>25.43</ask><bidsize>1620000</bidsize><asksize>2540000</asksize></eoddata></history></results>