<?xml version="1.0" encoding="ISO-8859-1"?><!DOCTYPE results SYSTEM "http://app.quotemedia.com/data/dtds/history.dtd"><results><copyright>Copyright (c) 2017 QuoteMedia, Inc.</copyright><symbolcount>1</symbolcount><history symbolstring="QCD:CC" start="2017-04-28" end="2017-04-28" adjusted="true" unadjusted="false"><key><symbol><![CDATA[QCD:CC]]></symbol><exchange><![CDATA[TSX]]></exchange><exLgName><![CDATA[Toronto Stock Exchange]]></exLgName><exShName><![CDATA[TSX]]></exShName><marketplace><![CDATA[TSXC]]></marketplace></key><equityinfo><longname><![CDATA[QuantShares Enhanced Core Canadian Equity ETF]]></longname><shortname><![CDATA[QCD:CC]]></shortname></equityinfo><eoddata date="2017-04-28"><open>25.75</open><high>25.75</high><low>25.74</low><close>25.74</close><vwap>25.7497</vwap><change>0.20</change><changepercent>0.783085</changepercent><sharevolume>3376</sharevolume><totalvalue>86931</totalvalue><totaltrades>9</totaltrades><bid>25.71</bid><ask>25.74</ask><bidsize>120000</bidsize><asksize>110000</asksize></eoddata></history></results>