<?xml version="1.0" encoding="ISO-8859-1"?><!DOCTYPE results SYSTEM "http://app.quotemedia.com/data/dtds/history.dtd"><results><copyright>Copyright (c) 2017 QuoteMedia, Inc.</copyright><symbolcount>1</symbolcount><history symbolstring="QCD:CC" start="2017-09-29" end="2017-09-29" adjusted="true" unadjusted="false"><key><symbol><![CDATA[QCD:CC]]></symbol><exchange><![CDATA[TSX]]></exchange><exLgName><![CDATA[Toronto Stock Exchange]]></exLgName><exShName><![CDATA[TSX]]></exShName><marketplace><![CDATA[TSXC]]></marketplace></key><equityinfo><longname><![CDATA[QuantShares Enhanced Core Canadian Equity ETF]]></longname><shortname><![CDATA[QCD:CC]]></shortname></equityinfo><eoddata date="2017-09-29"><open>26.11</open><high>26.11</high><low>26.11</low><close>26.11</close><vwap>26.11</vwap><change>0.17</change><changepercent>0.655358</changepercent><sharevolume>327</sharevolume><totalvalue>8537.97</totalvalue><totaltrades>2</totaltrades><bid>26.02</bid><ask>26.08</ask><bidsize>3450000</bidsize><asksize>3210000</asksize></eoddata></history></results>