<?xml version="1.0" encoding="ISO-8859-1"?><!DOCTYPE results SYSTEM "http://app.quotemedia.com/data/dtds/history.dtd"><results><copyright>Copyright (c) 2017 QuoteMedia, Inc.</copyright><symbolcount>1</symbolcount><history symbolstring="QCD:CC" start="2017-01-31" end="2017-01-31" adjusted="true" unadjusted="false"><key><symbol><![CDATA[QCD:CC]]></symbol><exchange><![CDATA[TSX]]></exchange><exLgName><![CDATA[Toronto Stock Exchange]]></exLgName><exShName><![CDATA[TSX]]></exShName><marketplace><![CDATA[TSXC]]></marketplace></key><equityinfo><longname><![CDATA[QuantShares Enhanced Core Canadian Equity ETF]]></longname><shortname><![CDATA[QCD:CC]]></shortname></equityinfo><eoddata date="2017-01-31"><open>25.01</open><high>25.01</high><low>25.01</low><close>25.01</close><vwap>25.01</vwap><change>-0.02</change><changepercent>-0.079904</changepercent><sharevolume>400</sharevolume><totalvalue>10004</totalvalue><totaltrades>1</totaltrades><bid>24.98</bid><ask>25.04</ask><bidsize>30000</bidsize><asksize>30000</asksize></eoddata></history></results>