<?xml version="1.0" encoding="ISO-8859-1"?><!DOCTYPE results SYSTEM "http://app.quotemedia.com/data/dtds/history.dtd"><results><copyright>Copyright (c) 2017 QuoteMedia, Inc.</copyright><symbolcount>1</symbolcount><history symbolstring="QCD:CC" start="2017-02-14" end="2017-02-14" adjusted="true" unadjusted="false"><key><symbol><![CDATA[QCD:CC]]></symbol><exchange><![CDATA[TSX]]></exchange><exLgName><![CDATA[Toronto Stock Exchange]]></exLgName><exShName><![CDATA[TSX]]></exShName><marketplace><![CDATA[TSXC]]></marketplace></key><equityinfo><longname><![CDATA[QuantShares Enhanced Core Canadian Equity ETF]]></longname><shortname><![CDATA[QCD:CC]]></shortname></equityinfo><eoddata date="2017-02-14"><open>25.51</open><high>25.51</high><low>25.51</low><close>25.51</close><vwap>25.51</vwap><change>-0.03</change><changepercent>-0.117463</changepercent><sharevolume>985</sharevolume><totalvalue>25127.35</totalvalue><totaltrades>2</totaltrades><bid>25.56</bid><ask>25.62</ask><bidsize>10000</bidsize><asksize>10000</asksize></eoddata></history></results>