<?xml version="1.0" encoding="ISO-8859-1"?><!DOCTYPE results SYSTEM "http://app.quotemedia.com/data/dtds/history.dtd"><results><copyright>Copyright (c) 2017 QuoteMedia, Inc.</copyright><symbolcount>1</symbolcount><history symbolstring="QCD:CC" start="2017-02-15" end="2017-02-15" adjusted="true" unadjusted="false"><key><symbol><![CDATA[QCD:CC]]></symbol><exchange><![CDATA[TSX]]></exchange><exLgName><![CDATA[Toronto Stock Exchange]]></exLgName><exShName><![CDATA[TSX]]></exShName><marketplace><![CDATA[TSXC]]></marketplace></key><equityinfo><longname><![CDATA[QuantShares Enhanced Core Canadian Equity ETF]]></longname><shortname><![CDATA[QCD:CC]]></shortname></equityinfo><eoddata date="2017-02-15"><open>25.70</open><high>25.70</high><low>25.70</low><close>25.70</close><vwap>25.70</vwap><change>0.19</change><changepercent>0.744806</changepercent><sharevolume>400</sharevolume><totalvalue>10280</totalvalue><totaltrades>1</totaltrades><bid>25.66</bid><ask>25.73</ask><bidsize>20000</bidsize><asksize>20000</asksize></eoddata></history></results>