<?xml version="1.0" encoding="ISO-8859-1"?><!DOCTYPE results SYSTEM "http://app.quotemedia.com/data/dtds/history.dtd"><results><copyright>Copyright (c) 2017 QuoteMedia, Inc.</copyright><symbolcount>1</symbolcount><history symbolstring="QCD:CC" start="2017-06-30" end="2017-06-30" adjusted="true" unadjusted="false"><key><symbol><![CDATA[QCD:CC]]></symbol><exchange><![CDATA[TSX]]></exchange><exLgName><![CDATA[Toronto Stock Exchange]]></exLgName><exShName><![CDATA[TSX]]></exShName><marketplace><![CDATA[TSXC]]></marketplace></key><equityinfo><longname><![CDATA[QuantShares Enhanced Core Canadian Equity ETF]]></longname><shortname><![CDATA[QCD:CC]]></shortname></equityinfo><eoddata date="2017-06-30"><open>25.45</open><high>25.45</high><low>25.45</low><close>25.45</close><vwap>25.45</vwap><change>-0.04</change><changepercent>-0.156924</changepercent><sharevolume>2514</sharevolume><totalvalue>63981.02</totalvalue><totaltrades>2</totaltrades><bid>25.44</bid><ask>25.50</ask><bidsize>2410000</bidsize><asksize>2960000</asksize></eoddata></history></results>