<?xml version="1.0" encoding="ISO-8859-1"?><!DOCTYPE results SYSTEM "http://app.quotemedia.com/data/dtds/history.dtd"><results><copyright>Copyright (c) 2017 QuoteMedia, Inc.</copyright><symbolcount>1</symbolcount><history symbolstring="QCD:CC" start="2017-08-18" end="2017-08-18" adjusted="true" unadjusted="false"><key><symbol><![CDATA[QCD:CC]]></symbol><exchange><![CDATA[TSX]]></exchange><exLgName><![CDATA[Toronto Stock Exchange]]></exLgName><exShName><![CDATA[TSX]]></exShName><marketplace><![CDATA[TSXC]]></marketplace></key><equityinfo><longname><![CDATA[QuantShares Enhanced Core Canadian Equity ETF]]></longname><shortname><![CDATA[QCD:CC]]></shortname></equityinfo><eoddata date="2017-08-18"><open>25.16</open><high>25.16</high><low>25.13</low><close>25.15</close><vwap>25.152</vwap><change>-0.15</change><changepercent>-0.592885</changepercent><sharevolume>592</sharevolume><totalvalue>14890.92</totalvalue><totaltrades>5</totaltrades><bid>25.11</bid><ask>25.16</ask><bidsize>1610000</bidsize><asksize>90000</asksize></eoddata></history></results>