<?xml version="1.0" encoding="ISO-8859-1"?><!DOCTYPE results SYSTEM "http://app.quotemedia.com/data/dtds/history.dtd"><results><copyright>Copyright (c) 2017 QuoteMedia, Inc.</copyright><symbolcount>1</symbolcount><history symbolstring="QCD:CC" start="2017-05-05" end="2017-05-05" adjusted="true" unadjusted="false"><key><symbol><![CDATA[QCD:CC]]></symbol><exchange><![CDATA[TSX]]></exchange><exLgName><![CDATA[Toronto Stock Exchange]]></exLgName><exShName><![CDATA[TSX]]></exShName><marketplace><![CDATA[TSXC]]></marketplace></key><equityinfo><longname><![CDATA[QuantShares Enhanced Core Canadian Equity ETF]]></longname><shortname><![CDATA[QCD:CC]]></shortname></equityinfo><eoddata date="2017-05-05"><open>25.55</open><high>25.76</high><low>25.55</low><close>25.76</close><vwap>25.7469</vwap><change>0.26</change><changepercent>1.0196</changepercent><sharevolume>1683</sharevolume><totalvalue>43317.33</totalvalue><totaltrades>4</totaltrades><bid>25.71</bid><ask>25.74</ask><bidsize>3220000</bidsize><asksize>30000</asksize></eoddata></history></results>