<?xml version="1.0" encoding="ISO-8859-1"?><!DOCTYPE results SYSTEM "http://app.quotemedia.com/data/dtds/history.dtd"><results><copyright>Copyright (c) 2017 QuoteMedia, Inc.</copyright><symbolcount>1</symbolcount><history symbolstring="QCD:CC" start="2017-05-12" end="2017-05-12" adjusted="true" unadjusted="false"><key><symbol><![CDATA[QCD:CC]]></symbol><exchange><![CDATA[TSX]]></exchange><exLgName><![CDATA[Toronto Stock Exchange]]></exLgName><exShName><![CDATA[TSX]]></exShName><marketplace><![CDATA[TSXC]]></marketplace></key><equityinfo><longname><![CDATA[QuantShares Enhanced Core Canadian Equity ETF]]></longname><shortname><![CDATA[QCD:CC]]></shortname></equityinfo><eoddata date="2017-05-12"><open>25.66</open><high>25.66</high><low>25.64</low><close>25.64</close><vwap>25.6575</vwap><change>-0.07</change><changepercent>-0.272268</changepercent><sharevolume>943</sharevolume><totalvalue>24195.38</totalvalue><totaltrades>7</totaltrades><bid>25.62</bid><ask>25.65</ask><bidsize>1720000</bidsize><asksize>40000</asksize></eoddata></history></results>