<?xml version="1.0" encoding="ISO-8859-1"?><!DOCTYPE results SYSTEM "http://app.quotemedia.com/data/dtds/history.dtd"><results><copyright>Copyright (c) 2017 QuoteMedia, Inc.</copyright><symbolcount>1</symbolcount><history symbolstring="QCD:CC" start="2017-02-16" end="2017-02-16" adjusted="true" unadjusted="false"><key><symbol><![CDATA[QCD:CC]]></symbol><exchange><![CDATA[TSX]]></exchange><exLgName><![CDATA[Toronto Stock Exchange]]></exLgName><exShName><![CDATA[TSX]]></exShName><marketplace><![CDATA[TSXC]]></marketplace></key><equityinfo><longname><![CDATA[QuantShares Enhanced Core Canadian Equity ETF]]></longname><shortname><![CDATA[QCD:CC]]></shortname></equityinfo><eoddata date="2017-02-16"><open>25.68</open><high>25.68</high><low>25.68</low><close>25.68</close><vwap>25.68</vwap><change>-0.02</change><changepercent>-0.077821</changepercent><sharevolume>100</sharevolume><totalvalue>2568</totalvalue><totaltrades>1</totaltrades><bid>25.66</bid><ask>25.73</ask><bidsize>20000</bidsize><asksize>20000</asksize></eoddata></history></results>