<?xml version="1.0" encoding="ISO-8859-1"?><!DOCTYPE results SYSTEM "http://app.quotemedia.com/data/dtds/history.dtd"><results><copyright>Copyright (c) 2017 QuoteMedia, Inc.</copyright><symbolcount>1</symbolcount><history symbolstring="QCD:CC" start="2017-04-25" end="2017-04-25" adjusted="true" unadjusted="false"><key><symbol><![CDATA[QCD:CC]]></symbol><exchange><![CDATA[TSX]]></exchange><exLgName><![CDATA[Toronto Stock Exchange]]></exLgName><exShName><![CDATA[TSX]]></exShName><marketplace><![CDATA[TSXC]]></marketplace></key><equityinfo><longname><![CDATA[QuantShares Enhanced Core Canadian Equity ETF]]></longname><shortname><![CDATA[QCD:CC]]></shortname></equityinfo><eoddata date="2017-04-25"><open>25.825</open><high>25.85</high><low>25.815</low><close>25.85</close><vwap>25.8304</vwap><change>0.04</change><changepercent>0.154979</changepercent><sharevolume>17703</sharevolume><totalvalue>457275.35</totalvalue><totaltrades>3</totaltrades><bid>25.80</bid><ask>25.86</ask><bidsize>3220000</bidsize><asksize>1600000</asksize></eoddata></history></results>