<?xml version="1.0" encoding="ISO-8859-1"?><!DOCTYPE results SYSTEM "http://app.quotemedia.com/data/dtds/history.dtd"><results><copyright>Copyright (c) 2017 QuoteMedia, Inc.</copyright><symbolcount>1</symbolcount><history symbolstring="QCD:CC" start="2017-10-03" end="2017-10-03" adjusted="true" unadjusted="false"><key><symbol><![CDATA[QCD:CC]]></symbol><exchange><![CDATA[TSX]]></exchange><exLgName><![CDATA[Toronto Stock Exchange]]></exLgName><exShName><![CDATA[TSX]]></exShName><marketplace><![CDATA[TSXC]]></marketplace></key><equityinfo><longname><![CDATA[QuantShares Enhanced Core Canadian Equity ETF]]></longname><shortname><![CDATA[QCD:CC]]></shortname></equityinfo><eoddata date="2017-10-03"><open>26.22</open><high>26.22</high><low>26.19</low><close>26.19</close><vwap>26.21</vwap><change>0.06</change><changepercent>0.229621</changepercent><sharevolume>974</sharevolume><totalvalue>25528.56</totalvalue><totaltrades>4</totaltrades><bid>26.14</bid><ask>26.20</ask><bidsize>3210000</bidsize><asksize>3210000</asksize></eoddata></history></results>