<?xml version="1.0" encoding="ISO-8859-1"?><!DOCTYPE results SYSTEM "http://app.quotemedia.com/data/dtds/history.dtd"><results><copyright>Copyright (c) 2017 QuoteMedia, Inc.</copyright><symbolcount>1</symbolcount><history symbolstring="QCD:CC" start="2017-02-02" end="2017-02-02" adjusted="true" unadjusted="false"><key><symbol><![CDATA[QCD:CC]]></symbol><exchange><![CDATA[TSX]]></exchange><exLgName><![CDATA[Toronto Stock Exchange]]></exLgName><exShName><![CDATA[TSX]]></exShName><marketplace><![CDATA[TSXC]]></marketplace></key><equityinfo><longname><![CDATA[QuantShares Enhanced Core Canadian Equity ETF]]></longname><shortname><![CDATA[QCD:CC]]></shortname></equityinfo><eoddata date="2017-02-02"><open>25.08</open><high>25.08</high><low>25.04</low><close>25.04</close><vwap>25.06</vwap><change>0.03</change><changepercent>0.119952</changepercent><sharevolume>200</sharevolume><totalvalue>5012</totalvalue><totaltrades>2</totaltrades><bid>24.96</bid><ask>25.03</ask><bidsize>30000</bidsize><asksize>30000</asksize></eoddata></history></results>