<?xml version="1.0" encoding="ISO-8859-1"?><!DOCTYPE results SYSTEM "http://app.quotemedia.com/data/dtds/history.dtd"><results><copyright>Copyright (c) 2017 QuoteMedia, Inc.</copyright><symbolcount>1</symbolcount><history symbolstring="QCD:CC" start="2017-08-02" end="2017-08-02" adjusted="true" unadjusted="false"><key><symbol><![CDATA[QCD:CC]]></symbol><exchange><![CDATA[TSX]]></exchange><exLgName><![CDATA[Toronto Stock Exchange]]></exLgName><exShName><![CDATA[TSX]]></exShName><marketplace><![CDATA[TSXC]]></marketplace></key><equityinfo><longname><![CDATA[QuantShares Enhanced Core Canadian Equity ETF]]></longname><shortname><![CDATA[QCD:CC]]></shortname></equityinfo><eoddata date="2017-08-02"><open>25.46</open><high>25.46</high><low>25.44</low><close>25.46</close><vwap>25.4586</vwap><change>0.10</change><changepercent>0.394322</changepercent><sharevolume>3167</sharevolume><totalvalue>80627.78</totalvalue><totaltrades>14</totaltrades><bid>25.44</bid><ask>25.49</ask><bidsize>3330000</bidsize><asksize>100000</asksize></eoddata></history></results>