<?xml version="1.0" encoding="ISO-8859-1"?><!DOCTYPE results SYSTEM "http://app.quotemedia.com/data/dtds/history.dtd"><results><copyright>Copyright (c) 2017 QuoteMedia, Inc.</copyright><symbolcount>1</symbolcount><history symbolstring="QCD:CC" start="2017-10-10" end="2017-10-10" adjusted="true" unadjusted="false"><key><symbol><![CDATA[QCD:CC]]></symbol><exchange><![CDATA[TSX]]></exchange><exLgName><![CDATA[Toronto Stock Exchange]]></exLgName><exShName><![CDATA[TSX]]></exShName><marketplace><![CDATA[TSXC]]></marketplace></key><equityinfo><longname><![CDATA[QuantShares Enhanced Core Canadian Equity ETF]]></longname><shortname><![CDATA[QCD:CC]]></shortname></equityinfo><eoddata date="2017-10-10"><open>26.38</open><high>26.40</high><low>26.38</low><close>26.40</close><vwap>26.3933</vwap><change>0.16</change><changepercent>0.609756</changepercent><sharevolume>346</sharevolume><totalvalue>9131.56</totalvalue><totaltrades>4</totaltrades><bid>26.35</bid><ask>26.40</ask><bidsize>120000</bidsize><asksize>3630000</asksize></eoddata></history></results>