<?xml version="1.0" encoding="ISO-8859-1"?><!DOCTYPE results SYSTEM "http://app.quotemedia.com/data/dtds/history.dtd"><results><copyright>Copyright (c) 2017 QuoteMedia, Inc.</copyright><symbolcount>1</symbolcount><history symbolstring="QCD:CC" start="2017-06-09" end="2017-06-09" adjusted="true" unadjusted="false"><key><symbol><![CDATA[QCD:CC]]></symbol><exchange><![CDATA[TSX]]></exchange><exLgName><![CDATA[Toronto Stock Exchange]]></exLgName><exShName><![CDATA[TSX]]></exShName><marketplace><![CDATA[TSXC]]></marketplace></key><equityinfo><longname><![CDATA[QuantShares Enhanced Core Canadian Equity ETF]]></longname><shortname><![CDATA[QCD:CC]]></shortname></equityinfo><eoddata date="2017-06-09"><open>25.73</open><high>25.73</high><low>25.73</low><close>25.73</close><vwap>25.73</vwap><change>0.07</change><changepercent>0.272798</changepercent><sharevolume>367</sharevolume><totalvalue>9442.91</totalvalue><totaltrades>2</totaltrades><bid>25.68</bid><ask>25.73</ask><bidsize>120000</bidsize><asksize>1720000</asksize></eoddata></history></results>