<?xml version="1.0" encoding="ISO-8859-1"?><!DOCTYPE results SYSTEM "http://app.quotemedia.com/data/dtds/history.dtd"><results><copyright>Copyright (c) 2017 QuoteMedia, Inc.</copyright><symbolcount>1</symbolcount><history symbolstring="QCD:CC" start="2017-08-10" end="2017-08-10" adjusted="true" unadjusted="false"><key><symbol><![CDATA[QCD:CC]]></symbol><exchange><![CDATA[TSX]]></exchange><exLgName><![CDATA[Toronto Stock Exchange]]></exLgName><exShName><![CDATA[TSX]]></exShName><marketplace><![CDATA[TSXC]]></marketplace></key><equityinfo><longname><![CDATA[QuantShares Enhanced Core Canadian Equity ETF]]></longname><shortname><![CDATA[QCD:CC]]></shortname></equityinfo><eoddata date="2017-08-10"><open>25.28</open><high>25.28</high><low>25.28</low><close>25.28</close><vwap>25.28</vwap><change>-0.15</change><changepercent>-0.589854</changepercent><sharevolume>3938</sharevolume><totalvalue>99552.64</totalvalue><totaltrades>1</totaltrades><bid>25.22</bid><ask>25.28</ask><bidsize>3290000</bidsize><asksize>1690000</asksize></eoddata></history></results>