<?xml version="1.0" encoding="ISO-8859-1"?><!DOCTYPE results SYSTEM "http://app.quotemedia.com/data/dtds/history.dtd"><results><copyright>Copyright (c) 2017 QuoteMedia, Inc.</copyright><symbolcount>1</symbolcount><history symbolstring="QCD:CC" start="2017-02-27" end="2017-02-27" adjusted="true" unadjusted="false"><key><symbol><![CDATA[QCD:CC]]></symbol><exchange><![CDATA[TSX]]></exchange><exLgName><![CDATA[Toronto Stock Exchange]]></exLgName><exShName><![CDATA[TSX]]></exShName><marketplace><![CDATA[TSXC]]></marketplace></key><equityinfo><longname><![CDATA[QuantShares Enhanced Core Canadian Equity ETF]]></longname><shortname><![CDATA[QCD:CC]]></shortname></equityinfo><eoddata date="2017-02-27"><open>25.18</open><high>25.18</high><low>25.18</low><close>25.18</close><vwap>25.18</vwap><change>-0.56</change><changepercent>-2.1756</changepercent><sharevolume>800</sharevolume><totalvalue>20144</totalvalue><totaltrades>2</totaltrades><bid>25.22</bid><ask>25.28</ask><bidsize>10000</bidsize><asksize>20000</asksize></eoddata></history></results>