<?xml version="1.0" encoding="ISO-8859-1"?><!DOCTYPE results SYSTEM "http://app.quotemedia.com/data/dtds/history.dtd"><results><copyright>Copyright (c) 2017 QuoteMedia, Inc.</copyright><symbolcount>1</symbolcount><history symbolstring="QCD:CC" start="2017-06-27" end="2017-06-27" adjusted="true" unadjusted="false"><key><symbol><![CDATA[QCD:CC]]></symbol><exchange><![CDATA[TSX]]></exchange><exLgName><![CDATA[Toronto Stock Exchange]]></exLgName><exShName><![CDATA[TSX]]></exShName><marketplace><![CDATA[TSXC]]></marketplace></key><equityinfo><longname><![CDATA[QuantShares Enhanced Core Canadian Equity ETF]]></longname><shortname><![CDATA[QCD:CC]]></shortname></equityinfo><eoddata date="2017-06-27"><open>25.60</open><high>25.61</high><low>25.60</low><close>25.61</close><vwap>25.6016</vwap><change>-0.05</change><changepercent>-0.194856</changepercent><sharevolume>5685</sharevolume><totalvalue>145545.91</totalvalue><totaltrades>13</totaltrades><bid>25.60</bid><ask>25.62</ask><bidsize>1600000</bidsize><asksize>120000</asksize></eoddata></history></results>