<?xml version="1.0" encoding="ISO-8859-1"?><!DOCTYPE results SYSTEM "http://app.quotemedia.com/data/dtds/history.dtd"><results><copyright>Copyright (c) 2017 QuoteMedia, Inc.</copyright><symbolcount>1</symbolcount><history symbolstring="QCD:CC" start="2017-06-13" end="2017-06-13" adjusted="true" unadjusted="false"><key><symbol><![CDATA[QCD:CC]]></symbol><exchange><![CDATA[TSX]]></exchange><exLgName><![CDATA[Toronto Stock Exchange]]></exLgName><exShName><![CDATA[TSX]]></exShName><marketplace><![CDATA[TSXC]]></marketplace></key><equityinfo><longname><![CDATA[QuantShares Enhanced Core Canadian Equity ETF]]></longname><shortname><![CDATA[QCD:CC]]></shortname></equityinfo><eoddata date="2017-06-13"><open>25.59</open><high>25.59</high><low>25.59</low><close>25.59</close><vwap>25.59</vwap><change>0.01</change><changepercent>0.039093</changepercent><sharevolume>263</sharevolume><totalvalue>6730.17</totalvalue><totaltrades>2</totaltrades><bid>25.60</bid><ask>25.65</ask><bidsize>1720000</bidsize><asksize>120000</asksize></eoddata></history></results>