<?xml version="1.0" encoding="ISO-8859-1"?><!DOCTYPE results SYSTEM "http://app.quotemedia.com/data/dtds/history.dtd"><results><copyright>Copyright (c) 2017 QuoteMedia, Inc.</copyright><symbolcount>1</symbolcount><history symbolstring="QCD:CC" start="2017-03-09" end="2017-03-09" adjusted="true" unadjusted="false"><key><symbol><![CDATA[QCD:CC]]></symbol><exchange><![CDATA[TSX]]></exchange><exLgName><![CDATA[Toronto Stock Exchange]]></exLgName><exShName><![CDATA[TSX]]></exShName><marketplace><![CDATA[TSXC]]></marketplace></key><equityinfo><longname><![CDATA[QuantShares Enhanced Core Canadian Equity ETF]]></longname><shortname><![CDATA[QCD:CC]]></shortname></equityinfo><eoddata date="2017-03-09"><open>25.17</open><high>25.17</high><low>25.17</low><close>25.17</close><vwap>25.17</vwap><change>-0.11</change><changepercent>-0.435127</changepercent><sharevolume>148</sharevolume><totalvalue>3731.88</totalvalue><totaltrades>2</totaltrades><bid>25.15</bid><ask>25.20</ask><bidsize>160000</bidsize><asksize>3200000</asksize></eoddata></history></results>