<?xml version="1.0" encoding="ISO-8859-1"?><!DOCTYPE results SYSTEM "http://app.quotemedia.com/data/dtds/history.dtd"><results><copyright>Copyright (c) 2017 QuoteMedia, Inc.</copyright><symbolcount>1</symbolcount><history symbolstring="QCD:CC" start="2017-06-23" end="2017-06-23" adjusted="true" unadjusted="false"><key><symbol><![CDATA[QCD:CC]]></symbol><exchange><![CDATA[TSX]]></exchange><exLgName><![CDATA[Toronto Stock Exchange]]></exLgName><exShName><![CDATA[TSX]]></exShName><marketplace><![CDATA[TSXC]]></marketplace></key><equityinfo><longname><![CDATA[QuantShares Enhanced Core Canadian Equity ETF]]></longname><shortname><![CDATA[QCD:CC]]></shortname></equityinfo><eoddata date="2017-06-23"><open>25.69</open><high>25.69</high><low>25.69</low><close>25.69</close><vwap>25.69</vwap><change>0.14</change><changepercent>0.547945</changepercent><sharevolume>240</sharevolume><totalvalue>6165.6</totalvalue><totaltrades>2</totaltrades><bid>25.65</bid><ask>25.70</ask><bidsize>130000</bidsize><asksize>120000</asksize></eoddata></history></results>