<?xml version="1.0" encoding="ISO-8859-1"?><!DOCTYPE results SYSTEM "http://app.quotemedia.com/data/dtds/history.dtd"><results><copyright>Copyright (c) 2017 QuoteMedia, Inc.</copyright><symbolcount>1</symbolcount><history symbolstring="QCD:CC" start="2017-05-24" end="2017-05-24" adjusted="true" unadjusted="false"><key><symbol><![CDATA[QCD:CC]]></symbol><exchange><![CDATA[TSX]]></exchange><exLgName><![CDATA[Toronto Stock Exchange]]></exLgName><exShName><![CDATA[TSX]]></exShName><marketplace><![CDATA[TSXC]]></marketplace></key><equityinfo><longname><![CDATA[QuantShares Enhanced Core Canadian Equity ETF]]></longname><shortname><![CDATA[QCD:CC]]></shortname></equityinfo><eoddata date="2017-05-24"><open>25.47</open><high>25.47</high><low>25.47</low><close>25.47</close><vwap>25.47</vwap><change>-0.14</change><changepercent>-0.546661</changepercent><sharevolume>1380</sharevolume><totalvalue>35148.6</totalvalue><totaltrades>2</totaltrades><bid>25.51</bid><ask>25.56</ask><bidsize>120000</bidsize><asksize>1720000</asksize></eoddata></history></results>