<?xml version="1.0" encoding="ISO-8859-1"?><!DOCTYPE results SYSTEM "http://app.quotemedia.com/data/dtds/history.dtd"><results><copyright>Copyright (c) 2017 QuoteMedia, Inc.</copyright><symbolcount>1</symbolcount><history symbolstring="QCD:CC" start="2017-05-25" end="2017-05-25" adjusted="true" unadjusted="false"><key><symbol><![CDATA[QCD:CC]]></symbol><exchange><![CDATA[TSX]]></exchange><exLgName><![CDATA[Toronto Stock Exchange]]></exLgName><exShName><![CDATA[TSX]]></exShName><marketplace><![CDATA[TSXC]]></marketplace></key><equityinfo><longname><![CDATA[QuantShares Enhanced Core Canadian Equity ETF]]></longname><shortname><![CDATA[QCD:CC]]></shortname></equityinfo><eoddata date="2017-05-25"><open>25.57</open><high>25.57</high><low>25.57</low><close>25.57</close><vwap>25.57</vwap><change>0.10</change><changepercent>0.392619</changepercent><sharevolume>1907</sharevolume><totalvalue>48761.99</totalvalue><totaltrades>2</totaltrades><bid>25.54</bid><ask>25.59</ask><bidsize>920000</bidsize><asksize>120000</asksize></eoddata></history></results>