<?xml version="1.0" encoding="ISO-8859-1"?><!DOCTYPE results SYSTEM "http://app.quotemedia.com/data/dtds/history.dtd"><results><copyright>Copyright (c) 2017 QuoteMedia, Inc.</copyright><symbolcount>1</symbolcount><history symbolstring="QCD:CC" start="2017-09-01" end="2017-09-01" adjusted="true" unadjusted="false"><key><symbol><![CDATA[QCD:CC]]></symbol><exchange><![CDATA[TSX]]></exchange><exLgName><![CDATA[Toronto Stock Exchange]]></exLgName><exShName><![CDATA[TSX]]></exShName><marketplace><![CDATA[TSXC]]></marketplace></key><equityinfo><longname><![CDATA[QuantShares Enhanced Core Canadian Equity ETF]]></longname><shortname><![CDATA[QCD:CC]]></shortname></equityinfo><eoddata date="2017-09-01"><open>25.51</open><high>25.51</high><low>25.51</low><close>25.51</close><vwap>25.51</vwap><change>-0.01</change><changepercent>-0.039185</changepercent><sharevolume>2930</sharevolume><totalvalue>74744.3</totalvalue><totaltrades>3</totaltrades><bid>25.50</bid><ask>25.55</ask><bidsize>120000</bidsize><asksize>3330000</asksize></eoddata></history></results>