<?xml version="1.0" encoding="ISO-8859-1"?><!DOCTYPE results SYSTEM "http://app.quotemedia.com/data/dtds/history.dtd"><results><copyright>Copyright (c) 2017 QuoteMedia, Inc.</copyright><symbolcount>1</symbolcount><history symbolstring="QCD:CC" start="2017-05-18" end="2017-05-18" adjusted="true" unadjusted="false"><key><symbol><![CDATA[QCD:CC]]></symbol><exchange><![CDATA[TSX]]></exchange><exLgName><![CDATA[Toronto Stock Exchange]]></exLgName><exShName><![CDATA[TSX]]></exShName><marketplace><![CDATA[TSXC]]></marketplace></key><equityinfo><longname><![CDATA[QuantShares Enhanced Core Canadian Equity ETF]]></longname><shortname><![CDATA[QCD:CC]]></shortname></equityinfo><eoddata date="2017-05-18"><open>25.26</open><high>25.38</high><low>25.26</low><close>25.38</close><vwap>25.2995</vwap><change>-0.02</change><changepercent>-0.07874</changepercent><sharevolume>2461</sharevolume><totalvalue>62277.11</totalvalue><totaltrades>9</totaltrades><bid>25.29</bid><ask>25.35</ask><bidsize>120000</bidsize><asksize>3220000</asksize></eoddata></history></results>