<?xml version="1.0" encoding="ISO-8859-1"?><!DOCTYPE results SYSTEM "http://app.quotemedia.com/data/dtds/history.dtd"><results><copyright>Copyright (c) 2017 QuoteMedia, Inc.</copyright><symbolcount>1</symbolcount><history symbolstring="QCD:CC" start="2017-08-09" end="2017-08-09" adjusted="true" unadjusted="false"><key><symbol><![CDATA[QCD:CC]]></symbol><exchange><![CDATA[TSX]]></exchange><exLgName><![CDATA[Toronto Stock Exchange]]></exLgName><exShName><![CDATA[TSX]]></exShName><marketplace><![CDATA[TSXC]]></marketplace></key><equityinfo><longname><![CDATA[QuantShares Enhanced Core Canadian Equity ETF]]></longname><shortname><![CDATA[QCD:CC]]></shortname></equityinfo><eoddata date="2017-08-09"><open>25.47</open><high>25.47</high><low>25.43</low><close>25.43</close><vwap>25.4508</vwap><change>-0.07</change><changepercent>-0.27451</changepercent><sharevolume>2711</sharevolume><totalvalue>68997.75</totalvalue><totaltrades>5</totaltrades><bid>25.39</bid><ask>25.43</ask><bidsize>3210000</bidsize><asksize>110000</asksize></eoddata></history></results>