<?xml version="1.0" encoding="ISO-8859-1"?><!DOCTYPE results SYSTEM "http://app.quotemedia.com/data/dtds/history.dtd"><results><copyright>Copyright (c) 2017 QuoteMedia, Inc.</copyright><symbolcount>1</symbolcount><history symbolstring="QCD:CC" start="2017-09-26" end="2017-09-26" adjusted="true" unadjusted="false"><key><symbol><![CDATA[QCD:CC]]></symbol><exchange><![CDATA[TSX]]></exchange><exLgName><![CDATA[Toronto Stock Exchange]]></exLgName><exShName><![CDATA[TSX]]></exShName><marketplace><![CDATA[TSXC]]></marketplace></key><equityinfo><longname><![CDATA[QuantShares Enhanced Core Canadian Equity ETF]]></longname><shortname><![CDATA[QCD:CC]]></shortname></equityinfo><eoddata date="2017-09-26"><open>25.75</open><high>25.75</high><low>25.75</low><close>25.75</close><vwap>25.75</vwap><change>0.00</change><changepercent>0.00</changepercent><sharevolume>105</sharevolume><totalvalue>2703.75</totalvalue><totaltrades>2</totaltrades><bid>25.71</bid><ask>25.76</ask><bidsize>1600000</bidsize><asksize>1610000</asksize></eoddata></history></results>