<?xml version="1.0" encoding="ISO-8859-1"?><!DOCTYPE results SYSTEM "http://app.quotemedia.com/data/dtds/history.dtd"><results><copyright>Copyright (c) 2017 QuoteMedia, Inc.</copyright><symbolcount>1</symbolcount><history symbolstring="QCD:CC" start="2017-05-10" end="2017-05-10" adjusted="true" unadjusted="false"><key><symbol><![CDATA[QCD:CC]]></symbol><exchange><![CDATA[TSX]]></exchange><exLgName><![CDATA[Toronto Stock Exchange]]></exLgName><exShName><![CDATA[TSX]]></exShName><marketplace><![CDATA[TSXC]]></marketplace></key><equityinfo><longname><![CDATA[QuantShares Enhanced Core Canadian Equity ETF]]></longname><shortname><![CDATA[QCD:CC]]></shortname></equityinfo><eoddata date="2017-05-10"><open>25.82</open><high>25.82</high><low>25.82</low><close>25.82</close><vwap>25.82</vwap><change>0.10</change><changepercent>0.388802</changepercent><sharevolume>243</sharevolume><totalvalue>6274.26</totalvalue><totaltrades>2</totaltrades><bid>25.78</bid><ask>25.84</ask><bidsize>800000</bidsize><asksize>3220000</asksize></eoddata></history></results>