<?xml version="1.0" encoding="ISO-8859-1"?><!DOCTYPE results SYSTEM "http://app.quotemedia.com/data/dtds/history.dtd"><results><copyright>Copyright (c) 2017 QuoteMedia, Inc.</copyright><symbolcount>1</symbolcount><history symbolstring="QCD:CC" start="2017-08-25" end="2017-08-25" adjusted="true" unadjusted="false"><key><symbol><![CDATA[QCD:CC]]></symbol><exchange><![CDATA[TSX]]></exchange><exLgName><![CDATA[Toronto Stock Exchange]]></exLgName><exShName><![CDATA[TSX]]></exShName><marketplace><![CDATA[TSXC]]></marketplace></key><equityinfo><longname><![CDATA[QuantShares Enhanced Core Canadian Equity ETF]]></longname><shortname><![CDATA[QCD:CC]]></shortname></equityinfo><eoddata date="2017-08-25"><open>25.30</open><high>25.30</high><low>25.30</low><close>25.30</close><vwap>25.30</vwap><change>0.10</change><changepercent>0.396825</changepercent><sharevolume>684</sharevolume><totalvalue>17305.2</totalvalue><totaltrades>5</totaltrades><bid>25.26</bid><ask>25.32</ask><bidsize>1610000</bidsize><asksize>3330000</asksize></eoddata></history></results>