<?xml version="1.0" encoding="ISO-8859-1"?><!DOCTYPE results SYSTEM "http://app.quotemedia.com/data/dtds/history.dtd"><results><copyright>Copyright (c) 2017 QuoteMedia, Inc.</copyright><symbolcount>1</symbolcount><history symbolstring="QCD:CC" start="2017-08-04" end="2017-08-04" adjusted="true" unadjusted="false"><key><symbol><![CDATA[QCD:CC]]></symbol><exchange><![CDATA[TSX]]></exchange><exLgName><![CDATA[Toronto Stock Exchange]]></exLgName><exShName><![CDATA[TSX]]></exShName><marketplace><![CDATA[TSXC]]></marketplace></key><equityinfo><longname><![CDATA[QuantShares Enhanced Core Canadian Equity ETF]]></longname><shortname><![CDATA[QCD:CC]]></shortname></equityinfo><eoddata date="2017-08-04"><open>25.45</open><high>25.45</high><low>25.45</low><close>25.45</close><vwap>25.45</vwap><change>0.08</change><changepercent>0.315333</changepercent><sharevolume>681</sharevolume><totalvalue>17331.45</totalvalue><totaltrades>2</totaltrades><bid>25.41</bid><ask>25.46</ask><bidsize>3210000</bidsize><asksize>60000</asksize></eoddata></history></results>