<?xml version="1.0" encoding="ISO-8859-1"?><!DOCTYPE results SYSTEM "http://app.quotemedia.com/data/dtds/history.dtd"><results><copyright>Copyright (c) 2017 QuoteMedia, Inc.</copyright><symbolcount>1</symbolcount><history symbolstring="QCD:CC" start="2017-09-25" end="2017-09-25" adjusted="true" unadjusted="false"><key><symbol><![CDATA[QCD:CC]]></symbol><exchange><![CDATA[TSX]]></exchange><exLgName><![CDATA[Toronto Stock Exchange]]></exLgName><exShName><![CDATA[TSX]]></exShName><marketplace><![CDATA[TSXC]]></marketplace></key><equityinfo><longname><![CDATA[QuantShares Enhanced Core Canadian Equity ETF]]></longname><shortname><![CDATA[QCD:CC]]></shortname></equityinfo><eoddata date="2017-09-25"><open>25.75</open><high>25.75</high><low>25.75</low><close>25.75</close><vwap>25.75</vwap><change>0.07</change><changepercent>0.272586</changepercent><sharevolume>228</sharevolume><totalvalue>5872.98</totalvalue><totaltrades>3</totaltrades><bid>25.78</bid><ask>25.83</ask><bidsize>1600000</bidsize><asksize>800000</asksize></eoddata></history></results>