<?xml version="1.0" encoding="ISO-8859-1"?><!DOCTYPE results SYSTEM "http://app.quotemedia.com/data/dtds/history.dtd"><results><copyright>Copyright (c) 2017 QuoteMedia, Inc.</copyright><symbolcount>1</symbolcount><history symbolstring="QCD:CC" start="2017-06-06" end="2017-06-06" adjusted="true" unadjusted="false"><key><symbol><![CDATA[QCD:CC]]></symbol><exchange><![CDATA[TSX]]></exchange><exLgName><![CDATA[Toronto Stock Exchange]]></exLgName><exShName><![CDATA[TSX]]></exShName><marketplace><![CDATA[TSXC]]></marketplace></key><equityinfo><longname><![CDATA[QuantShares Enhanced Core Canadian Equity ETF]]></longname><shortname><![CDATA[QCD:CC]]></shortname></equityinfo><eoddata date="2017-06-06"><open>25.74</open><high>25.74</high><low>25.74</low><close>25.74</close><vwap>25.74</vwap><change>0.05</change><changepercent>0.194628</changepercent><sharevolume>1350</sharevolume><totalvalue>34749</totalvalue><totaltrades>5</totaltrades><bid>25.74</bid><ask>25.79</ask><bidsize>120000</bidsize><asksize>120000</asksize></eoddata></history></results>