<?xml version="1.0" encoding="ISO-8859-1"?><!DOCTYPE results SYSTEM "http://app.quotemedia.com/data/dtds/history.dtd"><results><copyright>Copyright (c) 2017 QuoteMedia, Inc.</copyright><symbolcount>1</symbolcount><history symbolstring="QCD:CC" start="2017-05-23" end="2017-05-23" adjusted="true" unadjusted="false"><key><symbol><![CDATA[QCD:CC]]></symbol><exchange><![CDATA[TSX]]></exchange><exLgName><![CDATA[Toronto Stock Exchange]]></exLgName><exShName><![CDATA[TSX]]></exShName><marketplace><![CDATA[TSXC]]></marketplace></key><equityinfo><longname><![CDATA[QuantShares Enhanced Core Canadian Equity ETF]]></longname><shortname><![CDATA[QCD:CC]]></shortname></equityinfo><eoddata date="2017-05-23"><open>25.61</open><high>25.61</high><low>25.60</low><close>25.61</close><vwap>25.6093</vwap><change>0.08</change><changepercent>0.313357</changepercent><sharevolume>1612</sharevolume><totalvalue>41282.32</totalvalue><totaltrades>8</totaltrades><bid>25.57</bid><ask>25.60</ask><bidsize>120000</bidsize><asksize>100000</asksize></eoddata></history></results>