<?xml version="1.0" encoding="ISO-8859-1"?><!DOCTYPE results SYSTEM "http://app.quotemedia.com/data/dtds/history.dtd"><results><copyright>Copyright (c) 2017 QuoteMedia, Inc.</copyright><symbolcount>1</symbolcount><history symbolstring="QCD:CC" start="2017-06-02" end="2017-06-02" adjusted="true" unadjusted="false"><key><symbol><![CDATA[QCD:CC]]></symbol><exchange><![CDATA[TSX]]></exchange><exLgName><![CDATA[Toronto Stock Exchange]]></exLgName><exShName><![CDATA[TSX]]></exShName><marketplace><![CDATA[TSXC]]></marketplace></key><equityinfo><longname><![CDATA[QuantShares Enhanced Core Canadian Equity ETF]]></longname><shortname><![CDATA[QCD:CC]]></shortname></equityinfo><eoddata date="2017-06-02"><open>25.79</open><high>25.79</high><low>25.78</low><close>25.78</close><vwap>25.786</vwap><change>0.00</change><changepercent>0.00</changepercent><sharevolume>589</sharevolume><totalvalue>15187.97</totalvalue><totaltrades>6</totaltrades><bid>25.72</bid><ask>25.77</ask><bidsize>1720000</bidsize><asksize>120000</asksize></eoddata></history></results>