<?xml version="1.0" encoding="ISO-8859-1"?><!DOCTYPE results SYSTEM "http://app.quotemedia.com/data/dtds/history.dtd"><results><copyright>Copyright (c) 2017 QuoteMedia, Inc.</copyright><symbolcount>1</symbolcount><history symbolstring="QCD:CC" start="2017-06-26" end="2017-06-26" adjusted="true" unadjusted="false"><key><symbol><![CDATA[QCD:CC]]></symbol><exchange><![CDATA[TSX]]></exchange><exLgName><![CDATA[Toronto Stock Exchange]]></exLgName><exShName><![CDATA[TSX]]></exShName><marketplace><![CDATA[TSXC]]></marketplace></key><equityinfo><longname><![CDATA[QuantShares Enhanced Core Canadian Equity ETF]]></longname><shortname><![CDATA[QCD:CC]]></shortname></equityinfo><eoddata date="2017-06-26"><open>25.66</open><high>25.66</high><low>25.66</low><close>25.66</close><vwap>25.66</vwap><change>-0.03</change><changepercent>-0.116777</changepercent><sharevolume>183</sharevolume><totalvalue>4695.78</totalvalue><totaltrades>2</totaltrades><bid>25.64</bid><ask>25.70</ask><bidsize>1730000</bidsize><asksize>3330000</asksize></eoddata></history></results>