<?xml version="1.0" encoding="ISO-8859-1"?><!DOCTYPE results SYSTEM "http://app.quotemedia.com/data/dtds/history.dtd"><results><copyright>Copyright (c) 2017 QuoteMedia, Inc.</copyright><symbolcount>1</symbolcount><history symbolstring="QCD:CC" start="2017-07-07" end="2017-07-07" adjusted="true" unadjusted="false"><key><symbol><![CDATA[QCD:CC]]></symbol><exchange><![CDATA[TSX]]></exchange><exLgName><![CDATA[Toronto Stock Exchange]]></exLgName><exShName><![CDATA[TSX]]></exShName><marketplace><![CDATA[TSXC]]></marketplace></key><equityinfo><longname><![CDATA[QuantShares Enhanced Core Canadian Equity ETF]]></longname><shortname><![CDATA[QCD:CC]]></shortname></equityinfo><eoddata date="2017-07-07"><open>25.19</open><high>25.19</high><low>25.19</low><close>25.19</close><vwap>25.19</vwap><change>-0.13</change><changepercent>-0.513428</changepercent><sharevolume>301</sharevolume><totalvalue>7582.19</totalvalue><totaltrades>2</totaltrades><bid>25.20</bid><ask>25.24</ask><bidsize>130000</bidsize><asksize>120000</asksize></eoddata></history></results>