<?xml version="1.0" encoding="ISO-8859-1"?><!DOCTYPE results SYSTEM "http://app.quotemedia.com/data/dtds/history.dtd"><results><copyright>Copyright (c) 2017 QuoteMedia, Inc.</copyright><symbolcount>1</symbolcount><history symbolstring="QCD:CC" start="2017-09-12" end="2017-09-12" adjusted="true" unadjusted="false"><key><symbol><![CDATA[QCD:CC]]></symbol><exchange><![CDATA[TSX]]></exchange><exLgName><![CDATA[Toronto Stock Exchange]]></exLgName><exShName><![CDATA[TSX]]></exShName><marketplace><![CDATA[TSXC]]></marketplace></key><equityinfo><longname><![CDATA[QuantShares Enhanced Core Canadian Equity ETF]]></longname><shortname><![CDATA[QCD:CC]]></shortname></equityinfo><eoddata date="2017-09-12"><open>25.46</open><high>25.46</high><low>25.46</low><close>25.46</close><vwap>25.46</vwap><change>0.15</change><changepercent>0.592651</changepercent><sharevolume>1310</sharevolume><totalvalue>33352.6</totalvalue><totaltrades>2</totaltrades><bid>25.43</bid><ask>25.49</ask><bidsize>2410000</bidsize><asksize>3330000</asksize></eoddata></history></results>