<?xml version="1.0" encoding="ISO-8859-1"?><!DOCTYPE results SYSTEM "http://app.quotemedia.com/data/dtds/history.dtd"><results><copyright>Copyright (c) 2017 QuoteMedia, Inc.</copyright><symbolcount>1</symbolcount><history symbolstring="QCD:CC" start="2017-08-30" end="2017-08-30" adjusted="true" unadjusted="false"><key><symbol><![CDATA[QCD:CC]]></symbol><exchange><![CDATA[TSX]]></exchange><exLgName><![CDATA[Toronto Stock Exchange]]></exLgName><exShName><![CDATA[TSX]]></exShName><marketplace><![CDATA[TSXC]]></marketplace></key><equityinfo><longname><![CDATA[QuantShares Enhanced Core Canadian Equity ETF]]></longname><shortname><![CDATA[QCD:CC]]></shortname></equityinfo><eoddata date="2017-08-30"><open>25.51</open><high>25.51</high><low>25.47</low><close>25.47</close><vwap>25.5063</vwap><change>0.20</change><changepercent>0.791452</changepercent><sharevolume>4319</sharevolume><totalvalue>110159.69</totalvalue><totaltrades>9</totaltrades><bid>25.44</bid><ask>25.49</ask><bidsize>2530000</bidsize><asksize>120000</asksize></eoddata></history></results>