<?xml version="1.0" encoding="ISO-8859-1"?><!DOCTYPE results SYSTEM "http://app.quotemedia.com/data/dtds/history.dtd"><results><copyright>Copyright (c) 2017 QuoteMedia, Inc.</copyright><symbolcount>1</symbolcount><history symbolstring="QCD:CC" start="2017-02-22" end="2017-02-22" adjusted="true" unadjusted="false"><key><symbol><![CDATA[QCD:CC]]></symbol><exchange><![CDATA[TSX]]></exchange><exLgName><![CDATA[Toronto Stock Exchange]]></exLgName><exShName><![CDATA[TSX]]></exShName><marketplace><![CDATA[TSXC]]></marketplace></key><equityinfo><longname><![CDATA[QuantShares Enhanced Core Canadian Equity ETF]]></longname><shortname><![CDATA[QCD:CC]]></shortname></equityinfo><eoddata date="2017-02-22"><open>25.76</open><high>25.76</high><low>25.72</low><close>25.74</close><vwap>25.7415</vwap><change>25.74</change><changepercent>0.00</changepercent><sharevolume>65</sharevolume><totalvalue>1673.2</totalvalue><totaltrades>3</totaltrades><bid>25.67</bid><ask>25.74</ask><bidsize>20000</bidsize><asksize>20000</asksize></eoddata></history></results>