<?xml version="1.0" encoding="ISO-8859-1"?><!DOCTYPE results SYSTEM "http://app.quotemedia.com/data/dtds/history.dtd"><results><copyright>Copyright (c) 2017 QuoteMedia, Inc.</copyright><symbolcount>1</symbolcount><history symbolstring="QCD:CC" start="2017-06-01" end="2017-06-01" adjusted="true" unadjusted="false"><key><symbol><![CDATA[QCD:CC]]></symbol><exchange><![CDATA[TSX]]></exchange><exLgName><![CDATA[Toronto Stock Exchange]]></exLgName><exShName><![CDATA[TSX]]></exShName><marketplace><![CDATA[TSXC]]></marketplace></key><equityinfo><longname><![CDATA[QuantShares Enhanced Core Canadian Equity ETF]]></longname><shortname><![CDATA[QCD:CC]]></shortname></equityinfo><eoddata date="2017-06-01"><open>25.78</open><high>25.78</high><low>25.78</low><close>25.78</close><vwap>25.78</vwap><change>0.21</change><changepercent>0.821275</changepercent><sharevolume>842</sharevolume><totalvalue>21707.18</totalvalue><totaltrades>2</totaltrades><bid>25.74</bid><ask>25.79</ask><bidsize>2540000</bidsize><asksize>120000</asksize></eoddata></history></results>