<?xml version="1.0" encoding="ISO-8859-1"?><!DOCTYPE results SYSTEM "http://app.quotemedia.com/data/dtds/history.dtd"><results><copyright>Copyright (c) 2017 QuoteMedia, Inc.</copyright><symbolcount>1</symbolcount><history symbolstring="QCD:CC" start="2017-07-25" end="2017-07-25" adjusted="true" unadjusted="false"><key><symbol><![CDATA[QCD:CC]]></symbol><exchange><![CDATA[TSX]]></exchange><exLgName><![CDATA[Toronto Stock Exchange]]></exLgName><exShName><![CDATA[TSX]]></exShName><marketplace><![CDATA[TSXC]]></marketplace></key><equityinfo><longname><![CDATA[QuantShares Enhanced Core Canadian Equity ETF]]></longname><shortname><![CDATA[QCD:CC]]></shortname></equityinfo><eoddata date="2017-07-25"><open>25.31</open><high>25.33</high><low>25.31</low><close>25.32</close><vwap>25.3164</vwap><change>-0.035</change><changepercent>-0.13804</changepercent><sharevolume>3134</sharevolume><totalvalue>79341.59</totalvalue><totaltrades>7</totaltrades><bid>25.29</bid><ask>25.34</ask><bidsize>3630000</bidsize><asksize>120000</asksize></eoddata></history></results>