<?xml version="1.0" encoding="ISO-8859-1"?><!DOCTYPE results SYSTEM "http://app.quotemedia.com/data/dtds/history.dtd"><results><copyright>Copyright (c) 2017 QuoteMedia, Inc.</copyright><symbolcount>1</symbolcount><history symbolstring="QCD:CC" start="2017-07-06" end="2017-07-06" adjusted="true" unadjusted="false"><key><symbol><![CDATA[QCD:CC]]></symbol><exchange><![CDATA[TSX]]></exchange><exLgName><![CDATA[Toronto Stock Exchange]]></exLgName><exShName><![CDATA[TSX]]></exShName><marketplace><![CDATA[TSXC]]></marketplace></key><equityinfo><longname><![CDATA[QuantShares Enhanced Core Canadian Equity ETF]]></longname><shortname><![CDATA[QCD:CC]]></shortname></equityinfo><eoddata date="2017-07-06"><open>25.32</open><high>25.32</high><low>25.32</low><close>25.32</close><vwap>25.32</vwap><change>-0.05</change><changepercent>-0.197083</changepercent><sharevolume>125</sharevolume><totalvalue>3165</totalvalue><totaltrades>2</totaltrades><bid>25.25</bid><ask>25.31</ask><bidsize>810000</bidsize><asksize>1610000</asksize></eoddata></history></results>