<?xml version="1.0" encoding="ISO-8859-1"?><!DOCTYPE results SYSTEM "http://app.quotemedia.com/data/dtds/history.dtd"><results><copyright>Copyright (c) 2017 QuoteMedia, Inc.</copyright><symbolcount>1</symbolcount><history symbolstring="QCD:CC" start="2017-06-22" end="2017-06-22" adjusted="true" unadjusted="false"><key><symbol><![CDATA[QCD:CC]]></symbol><exchange><![CDATA[TSX]]></exchange><exLgName><![CDATA[Toronto Stock Exchange]]></exLgName><exShName><![CDATA[TSX]]></exShName><marketplace><![CDATA[TSXC]]></marketplace></key><equityinfo><longname><![CDATA[QuantShares Enhanced Core Canadian Equity ETF]]></longname><shortname><![CDATA[QCD:CC]]></shortname></equityinfo><eoddata date="2017-06-22"><open>25.55</open><high>25.55</high><low>25.55</low><close>25.55</close><vwap>25.55</vwap><change>0.13</change><changepercent>0.511408</changepercent><sharevolume>1546</sharevolume><totalvalue>39500.3</totalvalue><totaltrades>8</totaltrades><bid>25.47</bid><ask>25.52</ask><bidsize>1720000</bidsize><asksize>120000</asksize></eoddata></history></results>