<?xml version="1.0" encoding="ISO-8859-1"?><!DOCTYPE results SYSTEM "http://app.quotemedia.com/data/dtds/history.dtd"><results><copyright>Copyright (c) 2017 QuoteMedia, Inc.</copyright><symbolcount>1</symbolcount><history symbolstring="QCD:CC" start="2017-03-07" end="2017-03-07" adjusted="true" unadjusted="false"><key><symbol><![CDATA[QCD:CC]]></symbol><exchange><![CDATA[TSX]]></exchange><exLgName><![CDATA[Toronto Stock Exchange]]></exLgName><exShName><![CDATA[TSX]]></exShName><marketplace><![CDATA[TSXC]]></marketplace></key><equityinfo><longname><![CDATA[QuantShares Enhanced Core Canadian Equity ETF]]></longname><shortname><![CDATA[QCD:CC]]></shortname></equityinfo><eoddata date="2017-03-07"><open>25.28</open><high>25.28</high><low>25.28</low><close>25.28</close><vwap>25.28</vwap><change>-0.06</change><changepercent>-0.23678</changepercent><sharevolume>200</sharevolume><totalvalue>5056</totalvalue><totaltrades>2</totaltrades><bid>25.33</bid><ask>25.39</ask><bidsize>2400000</bidsize><asksize>1600000</asksize></eoddata></history></results>