<?xml version="1.0" encoding="ISO-8859-1"?><!DOCTYPE results SYSTEM "http://app.quotemedia.com/data/dtds/history.dtd"><results><copyright>Copyright (c) 2017 QuoteMedia, Inc.</copyright><symbolcount>1</symbolcount><history symbolstring="QCD:CC" start="2017-10-12" end="2017-10-12" adjusted="true" unadjusted="false"><key><symbol><![CDATA[QCD:CC]]></symbol><exchange><![CDATA[TSX]]></exchange><exLgName><![CDATA[Toronto Stock Exchange]]></exLgName><exShName><![CDATA[TSX]]></exShName><marketplace><![CDATA[TSXC]]></marketplace></key><equityinfo><longname><![CDATA[QuantShares Enhanced Core Canadian Equity ETF]]></longname><shortname><![CDATA[QCD:CC]]></shortname></equityinfo><eoddata date="2017-10-12"><open>26.38</open><high>26.38</high><low>26.38</low><close>26.38</close><vwap>26.38</vwap><change>-0.01</change><changepercent>-0.037893</changepercent><sharevolume>668</sharevolume><totalvalue>17621.84</totalvalue><totaltrades>6</totaltrades><bid>26.33</bid><ask>26.36</ask><bidsize>120000</bidsize><asksize>120000</asksize></eoddata></history></results>