<?xml version="1.0" encoding="ISO-8859-1"?><!DOCTYPE results SYSTEM "http://app.quotemedia.com/data/dtds/history.dtd"><results><copyright>Copyright (c) 2017 QuoteMedia, Inc.</copyright><symbolcount>1</symbolcount><history symbolstring="QCD:CC" start="2017-10-04" end="2017-10-04" adjusted="true" unadjusted="false"><key><symbol><![CDATA[QCD:CC]]></symbol><exchange><![CDATA[TSX]]></exchange><exLgName><![CDATA[Toronto Stock Exchange]]></exLgName><exShName><![CDATA[TSX]]></exShName><marketplace><![CDATA[TSXC]]></marketplace></key><equityinfo><longname><![CDATA[QuantShares Enhanced Core Canadian Equity ETF]]></longname><shortname><![CDATA[QCD:CC]]></shortname></equityinfo><eoddata date="2017-10-04"><open>26.19</open><high>26.19</high><low>26.19</low><close>26.19</close><vwap>26.19</vwap><change>0.00</change><changepercent>0.00</changepercent><sharevolume>248</sharevolume><totalvalue>6495.12</totalvalue><totaltrades>2</totaltrades><bid>26.18</bid><ask>26.24</ask><bidsize>3210000</bidsize><asksize>3210000</asksize></eoddata></history></results>