<?xml version="1.0" encoding="ISO-8859-1"?><!DOCTYPE results SYSTEM "http://app.quotemedia.com/data/dtds/history.dtd"><results><copyright>Copyright (c) 2017 QuoteMedia, Inc.</copyright><symbolcount>1</symbolcount><history symbolstring="QCD:CC" start="2017-08-22" end="2017-08-22" adjusted="true" unadjusted="false"><key><symbol><![CDATA[QCD:CC]]></symbol><exchange><![CDATA[TSX]]></exchange><exLgName><![CDATA[Toronto Stock Exchange]]></exLgName><exShName><![CDATA[TSX]]></exShName><marketplace><![CDATA[TSXC]]></marketplace></key><equityinfo><longname><![CDATA[QuantShares Enhanced Core Canadian Equity ETF]]></longname><shortname><![CDATA[QCD:CC]]></shortname></equityinfo><eoddata date="2017-08-22"><open>25.22</open><high>25.22</high><low>25.20</low><close>25.20</close><vwap>25.2027</vwap><change>0.05</change><changepercent>0.198807</changepercent><sharevolume>1724</sharevolume><totalvalue>43449.3</totalvalue><totaltrades>9</totaltrades><bid>25.18</bid><ask>25.23</ask><bidsize>3330000</bidsize><asksize>120000</asksize></eoddata></history></results>