<?xml version="1.0" encoding="ISO-8859-1"?><!DOCTYPE results SYSTEM "http://app.quotemedia.com/data/dtds/history.dtd"><results><copyright>Copyright (c) 2017 QuoteMedia, Inc.</copyright><symbolcount>1</symbolcount><history symbolstring="QCD:CC" start="2017-05-19" end="2017-05-19" adjusted="true" unadjusted="false"><key><symbol><![CDATA[QCD:CC]]></symbol><exchange><![CDATA[TSX]]></exchange><exLgName><![CDATA[Toronto Stock Exchange]]></exLgName><exShName><![CDATA[TSX]]></exShName><marketplace><![CDATA[TSXC]]></marketplace></key><equityinfo><longname><![CDATA[QuantShares Enhanced Core Canadian Equity ETF]]></longname><shortname><![CDATA[QCD:CC]]></shortname></equityinfo><eoddata date="2017-05-19"><open>25.48</open><high>25.53</high><low>25.48</low><close>25.53</close><vwap>25.5223</vwap><change>0.15</change><changepercent>0.591017</changepercent><sharevolume>1427</sharevolume><totalvalue>36419.81</totalvalue><totaltrades>4</totaltrades><bid>25.51</bid><ask>25.56</ask><bidsize>3340000</bidsize><asksize>120000</asksize></eoddata></history></results>