<?xml version="1.0" encoding="ISO-8859-1"?><!DOCTYPE results SYSTEM "http://app.quotemedia.com/data/dtds/history.dtd"><results><copyright>Copyright (c) 2017 QuoteMedia, Inc.</copyright><symbolcount>1</symbolcount><history symbolstring="QCD:CC" start="2017-09-11" end="2017-09-11" adjusted="true" unadjusted="false"><key><symbol><![CDATA[QCD:CC]]></symbol><exchange><![CDATA[TSX]]></exchange><exLgName><![CDATA[Toronto Stock Exchange]]></exLgName><exShName><![CDATA[TSX]]></exShName><marketplace><![CDATA[TSXC]]></marketplace></key><equityinfo><longname><![CDATA[QuantShares Enhanced Core Canadian Equity ETF]]></longname><shortname><![CDATA[QCD:CC]]></shortname></equityinfo><eoddata date="2017-09-11"><open>25.31</open><high>25.31</high><low>25.31</low><close>25.31</close><vwap>25.31</vwap><change>0.05</change><changepercent>0.197941</changepercent><sharevolume>2586</sharevolume><totalvalue>65451.66</totalvalue><totaltrades>4</totaltrades><bid>25.29</bid><ask>25.36</ask><bidsize>130000</bidsize><asksize>130000</asksize></eoddata></history></results>