<?xml version="1.0" encoding="ISO-8859-1"?><!DOCTYPE results SYSTEM "http://app.quotemedia.com/data/dtds/history.dtd"><results><copyright>Copyright (c) 2017 QuoteMedia, Inc.</copyright><symbolcount>1</symbolcount><history symbolstring="QCD:CC" start="2017-09-18" end="2017-09-18" adjusted="true" unadjusted="false"><key><symbol><![CDATA[QCD:CC]]></symbol><exchange><![CDATA[TSX]]></exchange><exLgName><![CDATA[Toronto Stock Exchange]]></exLgName><exShName><![CDATA[TSX]]></exShName><marketplace><![CDATA[TSXC]]></marketplace></key><equityinfo><longname><![CDATA[QuantShares Enhanced Core Canadian Equity ETF]]></longname><shortname><![CDATA[QCD:CC]]></shortname></equityinfo><eoddata date="2017-09-18"><open>25.38</open><high>25.41</high><low>25.38</low><close>25.41</close><vwap>25.3855</vwap><change>0.01</change><changepercent>0.03937</changepercent><sharevolume>1231</sharevolume><totalvalue>31250.4</totalvalue><totaltrades>6</totaltrades><bid>25.44</bid><ask>25.50</ask><bidsize>1610000</bidsize><asksize>3210000</asksize></eoddata></history></results>