<?xml version="1.0" encoding="ISO-8859-1"?><!DOCTYPE results SYSTEM "http://app.quotemedia.com/data/dtds/history.dtd"><results><copyright>Copyright (c) 2017 QuoteMedia, Inc.</copyright><symbolcount>1</symbolcount><history symbolstring="QCD:CC" start="2017-08-11" end="2017-08-11" adjusted="true" unadjusted="false"><key><symbol><![CDATA[QCD:CC]]></symbol><exchange><![CDATA[TSX]]></exchange><exLgName><![CDATA[Toronto Stock Exchange]]></exLgName><exShName><![CDATA[TSX]]></exShName><marketplace><![CDATA[TSXC]]></marketplace></key><equityinfo><longname><![CDATA[QuantShares Enhanced Core Canadian Equity ETF]]></longname><shortname><![CDATA[QCD:CC]]></shortname></equityinfo><eoddata date="2017-08-11"><open>25.15</open><high>25.15</high><low>25.15</low><close>25.15</close><vwap>25.15</vwap><change>-0.13</change><changepercent>-0.514241</changepercent><sharevolume>2719</sharevolume><totalvalue>68382.85</totalvalue><totaltrades>10</totaltrades><bid>25.17</bid><ask>25.21</ask><bidsize>120000</bidsize><asksize>120000</asksize></eoddata></history></results>