<?xml version="1.0" encoding="ISO-8859-1"?><!DOCTYPE results SYSTEM "http://app.quotemedia.com/data/dtds/history.dtd"><results><copyright>Copyright (c) 2017 QuoteMedia, Inc.</copyright><symbolcount>1</symbolcount><history symbolstring="QCD:CC" start="2017-05-31" end="2017-05-31" adjusted="true" unadjusted="false"><key><symbol><![CDATA[QCD:CC]]></symbol><exchange><![CDATA[TSX]]></exchange><exLgName><![CDATA[Toronto Stock Exchange]]></exLgName><exShName><![CDATA[TSX]]></exShName><marketplace><![CDATA[TSXC]]></marketplace></key><equityinfo><longname><![CDATA[QuantShares Enhanced Core Canadian Equity ETF]]></longname><shortname><![CDATA[QCD:CC]]></shortname></equityinfo><eoddata date="2017-05-31"><open>25.57</open><high>25.58</high><low>25.57</low><close>25.57</close><vwap>25.5711</vwap><change>-0.03</change><changepercent>-0.117188</changepercent><sharevolume>1033</sharevolume><totalvalue>26412.39</totalvalue><totaltrades>6</totaltrades><bid>25.53</bid><ask>25.60</ask><bidsize>2420000</bidsize><asksize>2420000</asksize></eoddata></history></results>