<?xml version="1.0" encoding="ISO-8859-1"?><!DOCTYPE results SYSTEM "http://app.quotemedia.com/data/dtds/history.dtd"><results><copyright>Copyright (c) 2017 QuoteMedia, Inc.</copyright><symbolcount>1</symbolcount><history symbolstring="QCD:CC" start="2017-05-01" end="2017-05-01" adjusted="true" unadjusted="false"><key><symbol><![CDATA[QCD:CC]]></symbol><exchange><![CDATA[TSX]]></exchange><exLgName><![CDATA[Toronto Stock Exchange]]></exLgName><exShName><![CDATA[TSX]]></exShName><marketplace><![CDATA[TSXC]]></marketplace></key><equityinfo><longname><![CDATA[QuantShares Enhanced Core Canadian Equity ETF]]></longname><shortname><![CDATA[QCD:CC]]></shortname></equityinfo><eoddata date="2017-05-01"><open>25.71</open><high>25.71</high><low>25.69</low><close>25.69</close><vwap>25.7075</vwap><change>-0.05</change><changepercent>-0.19425</changepercent><sharevolume>1805</sharevolume><totalvalue>46402.04</totalvalue><totaltrades>11</totaltrades><bid>25.67</bid><ask>25.71</ask><bidsize>300000</bidsize><asksize>100000</asksize></eoddata></history></results>