<?xml version="1.0" encoding="ISO-8859-1"?><!DOCTYPE results SYSTEM "http://app.quotemedia.com/data/dtds/history.dtd"><results><copyright>Copyright (c) 2017 QuoteMedia, Inc.</copyright><symbolcount>1</symbolcount><history symbolstring="QCD:CC" start="2017-06-07" end="2017-06-07" adjusted="true" unadjusted="false"><key><symbol><![CDATA[QCD:CC]]></symbol><exchange><![CDATA[TSX]]></exchange><exLgName><![CDATA[Toronto Stock Exchange]]></exLgName><exShName><![CDATA[TSX]]></exShName><marketplace><![CDATA[TSXC]]></marketplace></key><equityinfo><longname><![CDATA[QuantShares Enhanced Core Canadian Equity ETF]]></longname><shortname><![CDATA[QCD:CC]]></shortname></equityinfo><eoddata date="2017-06-07"><open>25.63</open><high>25.63</high><low>25.63</low><close>25.63</close><vwap>25.63</vwap><change>-0.11</change><changepercent>-0.42735</changepercent><sharevolume>2297</sharevolume><totalvalue>58872.11</totalvalue><totaltrades>4</totaltrades><bid>25.61</bid><ask>25.67</ask><bidsize>1620000</bidsize><asksize>3220000</asksize></eoddata></history></results>