<?xml version="1.0" encoding="ISO-8859-1"?><!DOCTYPE results SYSTEM "http://app.quotemedia.com/data/dtds/history.dtd"><results><copyright>Copyright (c) 2017 QuoteMedia, Inc.</copyright><symbolcount>1</symbolcount><history symbolstring="QCD:CC" start="2017-05-03" end="2017-05-03" adjusted="true" unadjusted="false"><key><symbol><![CDATA[QCD:CC]]></symbol><exchange><![CDATA[TSX]]></exchange><exLgName><![CDATA[Toronto Stock Exchange]]></exLgName><exShName><![CDATA[TSX]]></exShName><marketplace><![CDATA[TSXC]]></marketplace></key><equityinfo><longname><![CDATA[QuantShares Enhanced Core Canadian Equity ETF]]></longname><shortname><![CDATA[QCD:CC]]></shortname></equityinfo><eoddata date="2017-05-03"><open>25.67</open><high>25.67</high><low>25.67</low><close>25.67</close><vwap>25.67</vwap><change>-0.20</change><changepercent>-0.773096</changepercent><sharevolume>992</sharevolume><totalvalue>25464.17</totalvalue><totaltrades>5</totaltrades><bid>25.62</bid><ask>25.68</ask><bidsize>1600000</bidsize><asksize>3220000</asksize></eoddata></history></results>