<?xml version="1.0" encoding="ISO-8859-1"?><!DOCTYPE results SYSTEM "http://app.quotemedia.com/data/dtds/history.dtd"><results><copyright>Copyright (c) 2017 QuoteMedia, Inc.</copyright><symbolcount>1</symbolcount><history symbolstring="QCD:CC" start="2017-03-21" end="2017-03-21" adjusted="true" unadjusted="false"><key><symbol><![CDATA[QCD:CC]]></symbol><exchange><![CDATA[TSX]]></exchange><exLgName><![CDATA[Toronto Stock Exchange]]></exLgName><exShName><![CDATA[TSX]]></exShName><marketplace><![CDATA[TSXC]]></marketplace></key><equityinfo><longname><![CDATA[QuantShares Enhanced Core Canadian Equity ETF]]></longname><shortname><![CDATA[QCD:CC]]></shortname></equityinfo><eoddata date="2017-03-21"><open>25.09</open><high>25.09</high><low>25.08</low><close>25.08</close><vwap>25.0815</vwap><change>25.08</change><changepercent>0.00</changepercent><sharevolume>6000</sharevolume><totalvalue>150489</totalvalue><totaltrades>4</totaltrades><bid>0.00</bid><ask>0.00</ask><bidsize>0</bidsize><asksize>0</asksize></eoddata></history></results>