<?xml version="1.0" encoding="ISO-8859-1"?><!DOCTYPE results SYSTEM "http://app.quotemedia.com/data/dtds/history.dtd"><results><copyright>Copyright (c) 2017 QuoteMedia, Inc.</copyright><symbolcount>1</symbolcount><history symbolstring="QCD:CC" start="2017-03-13" end="2017-03-13" adjusted="true" unadjusted="false"><key><symbol><![CDATA[QCD:CC]]></symbol><exchange><![CDATA[TSX]]></exchange><exLgName><![CDATA[Toronto Stock Exchange]]></exLgName><exShName><![CDATA[TSX]]></exShName><marketplace><![CDATA[TSXC]]></marketplace></key><equityinfo><longname><![CDATA[QuantShares Enhanced Core Canadian Equity ETF]]></longname><shortname><![CDATA[QCD:CC]]></shortname></equityinfo><eoddata date="2017-03-13"><open>25.26</open><high>25.26</high><low>25.26</low><close>25.26</close><vwap>25.26</vwap><change>0.09</change><changepercent>0.357569</changepercent><sharevolume>200</sharevolume><totalvalue>5052</totalvalue><totaltrades>1</totaltrades><bid>25.24</bid><ask>25.27</ask><bidsize>20000</bidsize><asksize>150000</asksize></eoddata></history></results>