<?xml version="1.0" encoding="ISO-8859-1"?><!DOCTYPE results SYSTEM "http://app.quotemedia.com/data/dtds/history.dtd"><results><copyright>Copyright (c) 2017 QuoteMedia, Inc.</copyright><symbolcount>1</symbolcount><history symbolstring="QCD:CC" start="2017-07-19" end="2017-07-19" adjusted="true" unadjusted="false"><key><symbol><![CDATA[QCD:CC]]></symbol><exchange><![CDATA[TSX]]></exchange><exLgName><![CDATA[Toronto Stock Exchange]]></exLgName><exShName><![CDATA[TSX]]></exShName><marketplace><![CDATA[TSXC]]></marketplace></key><equityinfo><longname><![CDATA[QuantShares Enhanced Core Canadian Equity ETF]]></longname><shortname><![CDATA[QCD:CC]]></shortname></equityinfo><eoddata date="2017-07-19"><open>25.42</open><high>25.43</high><low>25.42</low><close>25.43</close><vwap>25.4288</vwap><change>0.13</change><changepercent>0.513834</changepercent><sharevolume>1855</sharevolume><totalvalue>47169.9</totalvalue><totaltrades>8</totaltrades><bid>25.40</bid><ask>25.43</ask><bidsize>120000</bidsize><asksize>40000</asksize></eoddata></history></results>