<?xml version="1.0" encoding="ISO-8859-1"?><!DOCTYPE results SYSTEM "http://app.quotemedia.com/data/dtds/history.dtd"><results><copyright>Copyright (c) 2017 QuoteMedia, Inc.</copyright><symbolcount>1</symbolcount><history symbolstring="QCD:CC" start="2017-10-02" end="2017-10-02" adjusted="true" unadjusted="false"><key><symbol><![CDATA[QCD:CC]]></symbol><exchange><![CDATA[TSX]]></exchange><exLgName><![CDATA[Toronto Stock Exchange]]></exLgName><exShName><![CDATA[TSX]]></exShName><marketplace><![CDATA[TSXC]]></marketplace></key><equityinfo><longname><![CDATA[QuantShares Enhanced Core Canadian Equity ETF]]></longname><shortname><![CDATA[QCD:CC]]></shortname></equityinfo><eoddata date="2017-10-02"><open>26.13</open><high>26.13</high><low>26.13</low><close>26.13</close><vwap>26.13</vwap><change>0.02</change><changepercent>0.076599</changepercent><sharevolume>112</sharevolume><totalvalue>2926.56</totalvalue><totaltrades>2</totaltrades><bid>26.12</bid><ask>26.18</ask><bidsize>2410000</bidsize><asksize>3210000</asksize></eoddata></history></results>