<?xml version="1.0" encoding="ISO-8859-1"?><!DOCTYPE results SYSTEM "http://app.quotemedia.com/data/dtds/history.dtd"><results><copyright>Copyright (c) 2017 QuoteMedia, Inc.</copyright><symbolcount>1</symbolcount><history symbolstring="QCD:CC" start="2017-06-05" end="2017-06-05" adjusted="true" unadjusted="false"><key><symbol><![CDATA[QCD:CC]]></symbol><exchange><![CDATA[TSX]]></exchange><exLgName><![CDATA[Toronto Stock Exchange]]></exLgName><exShName><![CDATA[TSX]]></exShName><marketplace><![CDATA[TSXC]]></marketplace></key><equityinfo><longname><![CDATA[QuantShares Enhanced Core Canadian Equity ETF]]></longname><shortname><![CDATA[QCD:CC]]></shortname></equityinfo><eoddata date="2017-06-05"><open>25.69</open><high>25.69</high><low>25.69</low><close>25.69</close><vwap>25.69</vwap><change>-0.09</change><changepercent>-0.349108</changepercent><sharevolume>751</sharevolume><totalvalue>19293.19</totalvalue><totaltrades>6</totaltrades><bid>25.68</bid><ask>25.73</ask><bidsize>120000</bidsize><asksize>3340000</asksize></eoddata></history></results>