<?xml version="1.0" encoding="ISO-8859-1"?><!DOCTYPE results SYSTEM "http://app.quotemedia.com/data/dtds/history.dtd"><results><copyright>Copyright (c) 2017 QuoteMedia, Inc.</copyright><symbolcount>1</symbolcount><history symbolstring="QCD:CC" start="2017-04-24" end="2017-04-24" adjusted="true" unadjusted="false"><key><symbol><![CDATA[QCD:CC]]></symbol><exchange><![CDATA[TSX]]></exchange><exLgName><![CDATA[Toronto Stock Exchange]]></exLgName><exShName><![CDATA[TSX]]></exShName><marketplace><![CDATA[TSXC]]></marketplace></key><equityinfo><longname><![CDATA[QuantShares Enhanced Core Canadian Equity ETF]]></longname><shortname><![CDATA[QCD:CC]]></shortname></equityinfo><eoddata date="2017-04-24"><open>25.87</open><high>25.87</high><low>25.81</low><close>25.81</close><vwap>25.81</vwap><change>0.16</change><changepercent>0.623782</changepercent><sharevolume>1376038</sharevolume><totalvalue>35515548.7</totalvalue><totaltrades>3</totaltrades><bid>25.81</bid><ask>25.83</ask><bidsize>120000</bidsize><asksize>110000</asksize></eoddata></history></results>