<?xml version="1.0" encoding="ISO-8859-1"?><!DOCTYPE results SYSTEM "http://app.quotemedia.com/data/dtds/history.dtd"><results><copyright>Copyright (c) 2017 QuoteMedia, Inc.</copyright><symbolcount>1</symbolcount><history symbolstring="QCD:CC" start="2017-04-26" end="2017-04-26" adjusted="true" unadjusted="false"><key><symbol><![CDATA[QCD:CC]]></symbol><exchange><![CDATA[TSX]]></exchange><exLgName><![CDATA[Toronto Stock Exchange]]></exLgName><exShName><![CDATA[TSX]]></exShName><marketplace><![CDATA[TSXC]]></marketplace></key><equityinfo><longname><![CDATA[QuantShares Enhanced Core Canadian Equity ETF]]></longname><shortname><![CDATA[QCD:CC]]></shortname></equityinfo><eoddata date="2017-04-26"><open>25.79</open><high>25.79</high><low>25.79</low><close>25.79</close><vwap>25.79</vwap><change>-0.06</change><changepercent>-0.232108</changepercent><sharevolume>141</sharevolume><totalvalue>3636.23</totalvalue><totaltrades>4</totaltrades><bid>25.68</bid><ask>25.71</ask><bidsize>120000</bidsize><asksize>120000</asksize></eoddata></history></results>