<?xml version="1.0" encoding="ISO-8859-1"?><!DOCTYPE results SYSTEM "http://app.quotemedia.com/data/dtds/history.dtd"><results><copyright>Copyright (c) 2017 QuoteMedia, Inc.</copyright><symbolcount>1</symbolcount><history symbolstring="QEM:CC" start="2017-01-30" end="2017-01-30" adjusted="true" unadjusted="false"><key><symbol><![CDATA[QEM:CC]]></symbol><exchange><![CDATA[TSX]]></exchange><exLgName><![CDATA[Toronto Stock Exchange]]></exLgName><exShName><![CDATA[TSX]]></exShName><marketplace><![CDATA[TSXC]]></marketplace></key><equityinfo><longname><![CDATA[QuantShares Enhanced Core Emerging Markets Equity ETF]]></longname><shortname><![CDATA[QEM:CC]]></shortname></equityinfo><eoddata date="2017-01-30"><open>24.77</open><high>24.85</high><low>24.77</low><close>24.85</close><vwap>24.849</vwap><change>24.85</change><changepercent>0.00</changepercent><sharevolume>16287</sharevolume><totalvalue>404715.15</totalvalue><totaltrades>4</totaltrades><bid>24.70</bid><ask>24.88</ask><bidsize>700000</bidsize><asksize>690000</asksize></eoddata></history></results>