<?xml version="1.0" encoding="ISO-8859-1"?><!DOCTYPE results SYSTEM "http://app.quotemedia.com/data/dtds/history.dtd"><results><copyright>Copyright (c) 2017 QuoteMedia, Inc.</copyright><symbolcount>1</symbolcount><history symbolstring="QEM:CC" start="2017-08-03" end="2017-08-03" adjusted="true" unadjusted="false"><key><symbol><![CDATA[QEM:CC]]></symbol><exchange><![CDATA[TSX]]></exchange><exLgName><![CDATA[Toronto Stock Exchange]]></exLgName><exShName><![CDATA[TSX]]></exShName><marketplace><![CDATA[TSXC]]></marketplace></key><equityinfo><longname><![CDATA[QuantShares Enhanced Core Emerging Markets Equity ETF]]></longname><shortname><![CDATA[QEM:CC]]></shortname></equityinfo><eoddata date="2017-08-03"><open>27.36</open><high>27.36</high><low>27.35</low><close>27.35</close><vwap>27.355</vwap><change>-0.07</change><changepercent>-0.255288</changepercent><sharevolume>406</sharevolume><totalvalue>11106.16</totalvalue><totaltrades>3</totaltrades><bid>27.37</bid><ask>27.44</ask><bidsize>10000</bidsize><asksize>700000</asksize></eoddata></history></results>