<?xml version="1.0" encoding="ISO-8859-1"?><!DOCTYPE results SYSTEM "http://app.quotemedia.com/data/dtds/history.dtd"><results><copyright>Copyright (c) 2017 QuoteMedia, Inc.</copyright><symbolcount>1</symbolcount><history symbolstring="QEM:CC" start="2017-07-05" end="2017-07-05" adjusted="true" unadjusted="false"><key><symbol><![CDATA[QEM:CC]]></symbol><exchange><![CDATA[TSX]]></exchange><exLgName><![CDATA[Toronto Stock Exchange]]></exLgName><exShName><![CDATA[TSX]]></exShName><marketplace><![CDATA[TSXC]]></marketplace></key><equityinfo><longname><![CDATA[QuantShares Enhanced Core Emerging Markets Equity ETF]]></longname><shortname><![CDATA[QEM:CC]]></shortname></equityinfo><eoddata date="2017-07-05"><open>27.06</open><high>27.15</high><low>27.06</low><close>27.15</close><vwap>27.09</vwap><change>0.16</change><changepercent>0.592812</changepercent><sharevolume>359</sharevolume><totalvalue>9728.85</totalvalue><totaltrades>3</totaltrades><bid>27.07</bid><ask>27.12</ask><bidsize>40000</bidsize><asksize>690000</asksize></eoddata></history></results>