<?xml version="1.0" encoding="ISO-8859-1"?><!DOCTYPE results SYSTEM "http://app.quotemedia.com/data/dtds/history.dtd"><results><copyright>Copyright (c) 2017 QuoteMedia, Inc.</copyright><symbolcount>1</symbolcount><history symbolstring="QEM:CC" start="2017-08-29" end="2017-08-29" adjusted="true" unadjusted="false"><key><symbol><![CDATA[QEM:CC]]></symbol><exchange><![CDATA[TSX]]></exchange><exLgName><![CDATA[Toronto Stock Exchange]]></exLgName><exShName><![CDATA[TSX]]></exShName><marketplace><![CDATA[TSXC]]></marketplace></key><equityinfo><longname><![CDATA[QuantShares Enhanced Core Emerging Markets Equity ETF]]></longname><shortname><![CDATA[QEM:CC]]></shortname></equityinfo><eoddata date="2017-08-29"><open>27.44</open><high>27.44</high><low>27.42</low><close>27.42</close><vwap>27.4233</vwap><change>0.07</change><changepercent>0.255942</changepercent><sharevolume>1269</sharevolume><totalvalue>34801.36</totalvalue><totaltrades>3</totaltrades><bid>27.40</bid><ask>27.49</ask><bidsize>10000</bidsize><asksize>700000</asksize></eoddata></history></results>