<?xml version="1.0" encoding="ISO-8859-1"?><!DOCTYPE results SYSTEM "http://app.quotemedia.com/data/dtds/history.dtd"><results><copyright>Copyright (c) 2017 QuoteMedia, Inc.</copyright><symbolcount>1</symbolcount><history symbolstring="QEM:CC" start="2017-03-14" end="2017-03-14" adjusted="true" unadjusted="false"><key><symbol><![CDATA[QEM:CC]]></symbol><exchange><![CDATA[TSX]]></exchange><exLgName><![CDATA[Toronto Stock Exchange]]></exLgName><exShName><![CDATA[TSX]]></exShName><marketplace><![CDATA[TSXC]]></marketplace></key><equityinfo><longname><![CDATA[QuantShares Enhanced Core Emerging Markets Equity ETF]]></longname><shortname><![CDATA[QEM:CC]]></shortname></equityinfo><eoddata date="2017-03-14"><open>26.24</open><high>26.26</high><low>26.24</low><close>26.26</close><vwap>26.248</vwap><change>0.11</change><changepercent>0.42065</changepercent><sharevolume>80</sharevolume><totalvalue>2099.9</totalvalue><totaltrades>3</totaltrades><bid>26.18</bid><ask>26.27</ask><bidsize>20000</bidsize><asksize>650000</asksize></eoddata></history></results>