<?xml version="1.0" encoding="ISO-8859-1"?><!DOCTYPE results SYSTEM "http://app.quotemedia.com/data/dtds/history.dtd"><results><copyright>Copyright (c) 2017 QuoteMedia, Inc.</copyright><symbolcount>1</symbolcount><history symbolstring="QEM:CC" start="2017-03-13" end="2017-03-13" adjusted="true" unadjusted="false"><key><symbol><![CDATA[QEM:CC]]></symbol><exchange><![CDATA[TSX]]></exchange><exLgName><![CDATA[Toronto Stock Exchange]]></exLgName><exShName><![CDATA[TSX]]></exShName><marketplace><![CDATA[TSXC]]></marketplace></key><equityinfo><longname><![CDATA[QuantShares Enhanced Core Emerging Markets Equity ETF]]></longname><shortname><![CDATA[QEM:CC]]></shortname></equityinfo><eoddata date="2017-03-13"><open>26.18</open><high>26.18</high><low>26.15</low><close>26.15</close><vwap>26.1512</vwap><change>0.28</change><changepercent>1.0823</changepercent><sharevolume>760</sharevolume><totalvalue>19875.8</totalvalue><totaltrades>3</totaltrades><bid>26.19</bid><ask>26.21</ask><bidsize>60000</bidsize><asksize>700000</asksize></eoddata></history></results>