<?xml version="1.0" encoding="ISO-8859-1"?><!DOCTYPE results SYSTEM "http://app.quotemedia.com/data/dtds/history.dtd"><results><copyright>Copyright (c) 2017 QuoteMedia, Inc.</copyright><symbolcount>1</symbolcount><history symbolstring="QEM:CC" start="2017-03-07" end="2017-03-07" adjusted="true" unadjusted="false"><key><symbol><![CDATA[QEM:CC]]></symbol><exchange><![CDATA[TSX]]></exchange><exLgName><![CDATA[Toronto Stock Exchange]]></exLgName><exShName><![CDATA[TSX]]></exShName><marketplace><![CDATA[TSXC]]></marketplace></key><equityinfo><longname><![CDATA[QuantShares Enhanced Core Emerging Markets Equity ETF]]></longname><shortname><![CDATA[QEM:CC]]></shortname></equityinfo><eoddata date="2017-03-07"><open>25.99</open><high>25.99</high><low>25.78</low><close>25.94</close><vwap>25.8904</vwap><change>0.05</change><changepercent>0.193125</changepercent><sharevolume>1412</sharevolume><totalvalue>36557.18</totalvalue><totaltrades>9</totaltrades><bid>25.82</bid><ask>25.92</ask><bidsize>20000</bidsize><asksize>690000</asksize></eoddata></history></results>