<?xml version="1.0" encoding="ISO-8859-1"?><!DOCTYPE results SYSTEM "http://app.quotemedia.com/data/dtds/history.dtd"><results><copyright>Copyright (c) 2017 QuoteMedia, Inc.</copyright><symbolcount>1</symbolcount><history symbolstring="QEM:CC" start="2017-07-06" end="2017-07-06" adjusted="true" unadjusted="false"><key><symbol><![CDATA[QEM:CC]]></symbol><exchange><![CDATA[TSX]]></exchange><exLgName><![CDATA[Toronto Stock Exchange]]></exLgName><exShName><![CDATA[TSX]]></exShName><marketplace><![CDATA[TSXC]]></marketplace></key><equityinfo><longname><![CDATA[QuantShares Enhanced Core Emerging Markets Equity ETF]]></longname><shortname><![CDATA[QEM:CC]]></shortname></equityinfo><eoddata date="2017-07-06"><open>27.02</open><high>27.02</high><low>27.02</low><close>27.02</close><vwap>27.02</vwap><change>-0.13</change><changepercent>-0.478821</changepercent><sharevolume>139</sharevolume><totalvalue>3755.78</totalvalue><totaltrades>2</totaltrades><bid>26.89</bid><ask>26.96</ask><bidsize>10000</bidsize><asksize>700000</asksize></eoddata></history></results>