<?xml version="1.0" encoding="ISO-8859-1"?><!DOCTYPE results SYSTEM "http://app.quotemedia.com/data/dtds/history.dtd"><results><copyright>Copyright (c) 2017 QuoteMedia, Inc.</copyright><symbolcount>1</symbolcount><history symbolstring="QEM:CC" start="2017-09-13" end="2017-09-13" adjusted="true" unadjusted="false"><key><symbol><![CDATA[QEM:CC]]></symbol><exchange><![CDATA[TSX]]></exchange><exLgName><![CDATA[Toronto Stock Exchange]]></exLgName><exShName><![CDATA[TSX]]></exShName><marketplace><![CDATA[TSXC]]></marketplace></key><equityinfo><longname><![CDATA[QuantShares Enhanced Core Emerging Markets Equity ETF]]></longname><shortname><![CDATA[QEM:CC]]></shortname></equityinfo><eoddata date="2017-09-13"><open>26.93</open><high>26.93</high><low>26.93</low><close>26.93</close><vwap>26.93</vwap><change>0.05</change><changepercent>0.186012</changepercent><sharevolume>263</sharevolume><totalvalue>7082.59</totalvalue><totaltrades>4</totaltrades><bid>26.79</bid><ask>26.92</ask><bidsize>710000</bidsize><asksize>710000</asksize></eoddata></history></results>