<?xml version="1.0" encoding="ISO-8859-1"?><!DOCTYPE results SYSTEM "http://app.quotemedia.com/data/dtds/history.dtd"><results><copyright>Copyright (c) 2017 QuoteMedia, Inc.</copyright><symbolcount>1</symbolcount><history symbolstring="QEM:CC" start="2017-09-26" end="2017-09-26" adjusted="true" unadjusted="false"><key><symbol><![CDATA[QEM:CC]]></symbol><exchange><![CDATA[TSX]]></exchange><exLgName><![CDATA[Toronto Stock Exchange]]></exLgName><exShName><![CDATA[TSX]]></exShName><marketplace><![CDATA[TSXC]]></marketplace></key><equityinfo><longname><![CDATA[QuantShares Enhanced Core Emerging Markets Equity ETF]]></longname><shortname><![CDATA[QEM:CC]]></shortname></equityinfo><eoddata date="2017-09-26"><open>26.87</open><high>26.87</high><low>26.87</low><close>26.87</close><vwap>26.87</vwap><change>-0.10</change><changepercent>-0.370782</changepercent><sharevolume>1350</sharevolume><totalvalue>36274.5</totalvalue><totaltrades>4</totaltrades><bid>26.80</bid><ask>26.87</ask><bidsize>10000</bidsize><asksize>10000</asksize></eoddata></history></results>