<?xml version="1.0" encoding="ISO-8859-1"?><!DOCTYPE results SYSTEM "http://app.quotemedia.com/data/dtds/history.dtd"><results><copyright>Copyright (c) 2017 QuoteMedia, Inc.</copyright><symbolcount>1</symbolcount><history symbolstring="QEM:CC" start="2017-08-16" end="2017-08-16" adjusted="true" unadjusted="false"><key><symbol><![CDATA[QEM:CC]]></symbol><exchange><![CDATA[TSX]]></exchange><exLgName><![CDATA[Toronto Stock Exchange]]></exLgName><exShName><![CDATA[TSX]]></exShName><marketplace><![CDATA[TSXC]]></marketplace></key><equityinfo><longname><![CDATA[QuantShares Enhanced Core Emerging Markets Equity ETF]]></longname><shortname><![CDATA[QEM:CC]]></shortname></equityinfo><eoddata date="2017-08-16"><open>27.43</open><high>27.43</high><low>27.43</low><close>27.43</close><vwap>27.43</vwap><change>0.04</change><changepercent>0.146039</changepercent><sharevolume>147</sharevolume><totalvalue>4032.21</totalvalue><totaltrades>2</totaltrades><bid>27.26</bid><ask>27.35</ask><bidsize>10000</bidsize><asksize>680000</asksize></eoddata></history></results>