<?xml version="1.0" encoding="ISO-8859-1"?><!DOCTYPE results SYSTEM "http://app.quotemedia.com/data/dtds/history.dtd"><results><copyright>Copyright (c) 2017 QuoteMedia, Inc.</copyright><symbolcount>1</symbolcount><history symbolstring="QEM:CC" start="2017-09-06" end="2017-09-06" adjusted="true" unadjusted="false"><key><symbol><![CDATA[QEM:CC]]></symbol><exchange><![CDATA[TSX]]></exchange><exLgName><![CDATA[Toronto Stock Exchange]]></exLgName><exShName><![CDATA[TSX]]></exShName><marketplace><![CDATA[TSXC]]></marketplace></key><equityinfo><longname><![CDATA[QuantShares Enhanced Core Emerging Markets Equity ETF]]></longname><shortname><![CDATA[QEM:CC]]></shortname></equityinfo><eoddata date="2017-09-06"><open>27.06</open><high>27.06</high><low>26.76</low><close>26.84</close><vwap>26.7692</vwap><change>-0.48</change><changepercent>-1.757</changepercent><sharevolume>15428</sharevolume><totalvalue>412997.52</totalvalue><totaltrades>22</totaltrades><bid>26.74</bid><ask>26.83</ask><bidsize>1200000</bidsize><asksize>700000</asksize></eoddata></history></results>