<?xml version="1.0" encoding="ISO-8859-1"?><!DOCTYPE results SYSTEM "http://app.quotemedia.com/data/dtds/history.dtd"><results><copyright>Copyright (c) 2017 QuoteMedia, Inc.</copyright><symbolcount>1</symbolcount><history symbolstring="QEM:CC" start="2017-09-11" end="2017-09-11" adjusted="true" unadjusted="false"><key><symbol><![CDATA[QEM:CC]]></symbol><exchange><![CDATA[TSX]]></exchange><exLgName><![CDATA[Toronto Stock Exchange]]></exLgName><exShName><![CDATA[TSX]]></exShName><marketplace><![CDATA[TSXC]]></marketplace></key><equityinfo><longname><![CDATA[QuantShares Enhanced Core Emerging Markets Equity ETF]]></longname><shortname><![CDATA[QEM:CC]]></shortname></equityinfo><eoddata date="2017-09-11"><open>26.82</open><high>26.82</high><low>26.82</low><close>26.82</close><vwap>26.82</vwap><change>0.18</change><changepercent>0.675676</changepercent><sharevolume>682</sharevolume><totalvalue>18291.24</totalvalue><totaltrades>5</totaltrades><bid>26.76</bid><ask>26.83</ask><bidsize>10000</bidsize><asksize>660000</asksize></eoddata></history></results>