<?xml version="1.0" encoding="ISO-8859-1"?><!DOCTYPE results SYSTEM "http://app.quotemedia.com/data/dtds/history.dtd"><results><copyright>Copyright (c) 2017 QuoteMedia, Inc.</copyright><symbolcount>1</symbolcount><history symbolstring="QEM:CC" start="2017-06-30" end="2017-06-30" adjusted="true" unadjusted="false"><key><symbol><![CDATA[QEM:CC]]></symbol><exchange><![CDATA[TSX]]></exchange><exLgName><![CDATA[Toronto Stock Exchange]]></exLgName><exShName><![CDATA[TSX]]></exShName><marketplace><![CDATA[TSXC]]></marketplace></key><equityinfo><longname><![CDATA[QuantShares Enhanced Core Emerging Markets Equity ETF]]></longname><shortname><![CDATA[QEM:CC]]></shortname></equityinfo><eoddata date="2017-06-30"><open>27.09</open><high>27.09</high><low>27.09</low><close>27.09</close><vwap>27.09</vwap><change>0.11</change><changepercent>0.407709</changepercent><sharevolume>664</sharevolume><totalvalue>17984.2</totalvalue><totaltrades>3</totaltrades><bid>26.99</bid><ask>27.05</ask><bidsize>40000</bidsize><asksize>700000</asksize></eoddata></history></results>