<?xml version="1.0" encoding="ISO-8859-1"?><!DOCTYPE results SYSTEM "http://app.quotemedia.com/data/dtds/history.dtd"><results><copyright>Copyright (c) 2017 QuoteMedia, Inc.</copyright><symbolcount>1</symbolcount><history symbolstring="QEM:CC" start="2017-09-07" end="2017-09-07" adjusted="true" unadjusted="false"><key><symbol><![CDATA[QEM:CC]]></symbol><exchange><![CDATA[TSX]]></exchange><exLgName><![CDATA[Toronto Stock Exchange]]></exLgName><exShName><![CDATA[TSX]]></exShName><marketplace><![CDATA[TSXC]]></marketplace></key><equityinfo><longname><![CDATA[QuantShares Enhanced Core Emerging Markets Equity ETF]]></longname><shortname><![CDATA[QEM:CC]]></shortname></equityinfo><eoddata date="2017-09-07"><open>26.76</open><high>26.76</high><low>26.76</low><close>26.76</close><vwap>26.76</vwap><change>-0.08</change><changepercent>-0.298063</changepercent><sharevolume>336</sharevolume><totalvalue>8987.86</totalvalue><totaltrades>3</totaltrades><bid>26.66</bid><ask>26.77</ask><bidsize>10000</bidsize><asksize>700000</asksize></eoddata></history></results>