<?xml version="1.0" encoding="ISO-8859-1"?><!DOCTYPE results SYSTEM "http://app.quotemedia.com/data/dtds/history.dtd"><results><copyright>Copyright (c) 2017 QuoteMedia, Inc.</copyright><symbolcount>1</symbolcount><history symbolstring="QEM:CC" start="2017-09-15" end="2017-09-15" adjusted="true" unadjusted="false"><key><symbol><![CDATA[QEM:CC]]></symbol><exchange><![CDATA[TSX]]></exchange><exLgName><![CDATA[Toronto Stock Exchange]]></exLgName><exShName><![CDATA[TSX]]></exShName><marketplace><![CDATA[TSXC]]></marketplace></key><equityinfo><longname><![CDATA[QuantShares Enhanced Core Emerging Markets Equity ETF]]></longname><shortname><![CDATA[QEM:CC]]></shortname></equityinfo><eoddata date="2017-09-15"><open>27.07</open><high>27.07</high><low>27.07</low><close>27.07</close><vwap>27.07</vwap><change>0.14</change><changepercent>0.519866</changepercent><sharevolume>129</sharevolume><totalvalue>3492.03</totalvalue><totaltrades>2</totaltrades><bid>26.94</bid><ask>27.06</ask><bidsize>710000</bidsize><asksize>10000</asksize></eoddata></history></results>