<?xml version="1.0" encoding="ISO-8859-1"?><!DOCTYPE results SYSTEM "http://app.quotemedia.com/data/dtds/history.dtd"><results><copyright>Copyright (c) 2017 QuoteMedia, Inc.</copyright><symbolcount>1</symbolcount><history symbolstring="QEM:CC" start="2017-10-04" end="2017-10-04" adjusted="true" unadjusted="false"><key><symbol><![CDATA[QEM:CC]]></symbol><exchange><![CDATA[TSX]]></exchange><exLgName><![CDATA[Toronto Stock Exchange]]></exLgName><exShName><![CDATA[TSX]]></exShName><marketplace><![CDATA[TSXC]]></marketplace></key><equityinfo><longname><![CDATA[QuantShares Enhanced Core Emerging Markets Equity ETF]]></longname><shortname><![CDATA[QEM:CC]]></shortname></equityinfo><eoddata date="2017-10-04"><open>27.49</open><high>27.49</high><low>27.42</low><close>27.42</close><vwap>27.4725</vwap><change>0.01</change><changepercent>0.036483</changepercent><sharevolume>544</sharevolume><totalvalue>14944.06</totalvalue><totaltrades>5</totaltrades><bid>27.39</bid><ask>27.51</ask><bidsize>710000</bidsize><asksize>10000</asksize></eoddata></history></results>