<?xml version="1.0" encoding="ISO-8859-1"?><!DOCTYPE results SYSTEM "http://app.quotemedia.com/data/dtds/history.dtd"><results><copyright>Copyright (c) 2017 QuoteMedia, Inc.</copyright><symbolcount>1</symbolcount><history symbolstring="QEM:CC" start="2017-02-28" end="2017-02-28" adjusted="true" unadjusted="false"><key><symbol><![CDATA[QEM:CC]]></symbol><exchange><![CDATA[TSX]]></exchange><exLgName><![CDATA[Toronto Stock Exchange]]></exLgName><exShName><![CDATA[TSX]]></exShName><marketplace><![CDATA[TSXC]]></marketplace></key><equityinfo><longname><![CDATA[QuantShares Enhanced Core Emerging Markets Equity ETF]]></longname><shortname><![CDATA[QEM:CC]]></shortname></equityinfo><eoddata date="2017-02-28"><open>25.69</open><high>25.72</high><low>25.64</low><close>25.64</close><vwap>25.6873</vwap><change>0.20</change><changepercent>0.786164</changepercent><sharevolume>358</sharevolume><totalvalue>9198.03</totalvalue><totaltrades>8</totaltrades><bid>25.58</bid><ask>25.69</ask><bidsize>20000</bidsize><asksize>700000</asksize></eoddata></history></results>