<?xml version="1.0" encoding="ISO-8859-1"?><!DOCTYPE results SYSTEM "http://app.quotemedia.com/data/dtds/history.dtd"><results><copyright>Copyright (c) 2017 QuoteMedia, Inc.</copyright><symbolcount>1</symbolcount><history symbolstring="QEM:CC" start="2017-06-27" end="2017-06-27" adjusted="true" unadjusted="false"><key><symbol><![CDATA[QEM:CC]]></symbol><exchange><![CDATA[TSX]]></exchange><exLgName><![CDATA[Toronto Stock Exchange]]></exLgName><exShName><![CDATA[TSX]]></exShName><marketplace><![CDATA[TSXC]]></marketplace></key><equityinfo><longname><![CDATA[QuantShares Enhanced Core Emerging Markets Equity ETF]]></longname><shortname><![CDATA[QEM:CC]]></shortname></equityinfo><eoddata date="2017-06-27"><open>27.44</open><high>27.44</high><low>27.44</low><close>27.44</close><vwap>27.44</vwap><change>-0.35</change><changepercent>-1.2594</changepercent><sharevolume>312</sharevolume><totalvalue>8560.16</totalvalue><totaltrades>4</totaltrades><bid>27.35</bid><ask>27.42</ask><bidsize>10000</bidsize><asksize>700000</asksize></eoddata></history></results>