<?xml version="1.0" encoding="ISO-8859-1"?><!DOCTYPE results SYSTEM "http://app.quotemedia.com/data/dtds/history.dtd"><results><copyright>Copyright (c) 2017 QuoteMedia, Inc.</copyright><symbolcount>1</symbolcount><history symbolstring="QEM:CC" start="2017-03-06" end="2017-03-06" adjusted="true" unadjusted="false"><key><symbol><![CDATA[QEM:CC]]></symbol><exchange><![CDATA[TSX]]></exchange><exLgName><![CDATA[Toronto Stock Exchange]]></exLgName><exShName><![CDATA[TSX]]></exShName><marketplace><![CDATA[TSXC]]></marketplace></key><equityinfo><longname><![CDATA[QuantShares Enhanced Core Emerging Markets Equity ETF]]></longname><shortname><![CDATA[QEM:CC]]></shortname></equityinfo><eoddata date="2017-03-06"><open>25.86</open><high>25.89</high><low>25.86</low><close>25.89</close><vwap>25.88</vwap><change>0.02</change><changepercent>0.07731</changepercent><sharevolume>90</sharevolume><totalvalue>2329.2</totalvalue><totaltrades>3</totaltrades><bid>25.77</bid><ask>25.86</ask><bidsize>20000</bidsize><asksize>700000</asksize></eoddata></history></results>