<?xml version="1.0" encoding="ISO-8859-1"?><!DOCTYPE results SYSTEM "http://app.quotemedia.com/data/dtds/history.dtd"><results><copyright>Copyright (c) 2017 QuoteMedia, Inc.</copyright><symbolcount>1</symbolcount><history symbolstring="QEM:CC" start="2017-05-16" end="2017-05-16" adjusted="true" unadjusted="false"><key><symbol><![CDATA[QEM:CC]]></symbol><exchange><![CDATA[TSX]]></exchange><exLgName><![CDATA[Toronto Stock Exchange]]></exLgName><exShName><![CDATA[TSX]]></exShName><marketplace><![CDATA[TSXC]]></marketplace></key><equityinfo><longname><![CDATA[QuantShares Enhanced Core Emerging Markets Equity ETF]]></longname><shortname><![CDATA[QEM:CC]]></shortname></equityinfo><eoddata date="2017-05-16"><open>28.32</open><high>28.50</high><low>28.30</low><close>28.50</close><vwap>28.3788</vwap><change>0.12</change><changepercent>0.422833</changepercent><sharevolume>1122</sharevolume><totalvalue>31826.42</totalvalue><totaltrades>9</totaltrades><bid>27.95</bid><ask>28.50</ask><bidsize>30000</bidsize><asksize>20000</asksize></eoddata></history></results>