<?xml version="1.0" encoding="ISO-8859-1"?><!DOCTYPE results SYSTEM "http://app.quotemedia.com/data/dtds/history.dtd"><results><copyright>Copyright (c) 2017 QuoteMedia, Inc.</copyright><symbolcount>1</symbolcount><history symbolstring="QEM:CC" start="2017-08-23" end="2017-08-23" adjusted="true" unadjusted="false"><key><symbol><![CDATA[QEM:CC]]></symbol><exchange><![CDATA[TSX]]></exchange><exLgName><![CDATA[Toronto Stock Exchange]]></exLgName><exShName><![CDATA[TSX]]></exShName><marketplace><![CDATA[TSXC]]></marketplace></key><equityinfo><longname><![CDATA[QuantShares Enhanced Core Emerging Markets Equity ETF]]></longname><shortname><![CDATA[QEM:CC]]></shortname></equityinfo><eoddata date="2017-08-23"><open>27.23</open><high>27.23</high><low>27.23</low><close>27.23</close><vwap>27.23</vwap><change>-0.04</change><changepercent>-0.146681</changepercent><sharevolume>284</sharevolume><totalvalue>7733.32</totalvalue><totaltrades>2</totaltrades><bid>27.21</bid><ask>27.30</ask><bidsize>10000</bidsize><asksize>700000</asksize></eoddata></history></results>