<?xml version="1.0" encoding="ISO-8859-1"?><!DOCTYPE results SYSTEM "http://app.quotemedia.com/data/dtds/history.dtd"><results><copyright>Copyright (c) 2017 QuoteMedia, Inc.</copyright><symbolcount>1</symbolcount><history symbolstring="QEM:CC" start="2017-08-21" end="2017-08-21" adjusted="true" unadjusted="false"><key><symbol><![CDATA[QEM:CC]]></symbol><exchange><![CDATA[TSX]]></exchange><exLgName><![CDATA[Toronto Stock Exchange]]></exLgName><exShName><![CDATA[TSX]]></exShName><marketplace><![CDATA[TSXC]]></marketplace></key><equityinfo><longname><![CDATA[QuantShares Enhanced Core Emerging Markets Equity ETF]]></longname><shortname><![CDATA[QEM:CC]]></shortname></equityinfo><eoddata date="2017-08-21"><open>27.06</open><high>27.06</high><low>27.06</low><close>27.06</close><vwap>27.06</vwap><change>-0.05</change><changepercent>-0.184434</changepercent><sharevolume>108</sharevolume><totalvalue>2922.48</totalvalue><totaltrades>2</totaltrades><bid>27.06</bid><ask>27.12</ask><bidsize>10000</bidsize><asksize>10000</asksize></eoddata></history></results>