<?xml version="1.0" encoding="ISO-8859-1"?><!DOCTYPE results SYSTEM "http://app.quotemedia.com/data/dtds/history.dtd"><results><copyright>Copyright (c) 2017 QuoteMedia, Inc.</copyright><symbolcount>1</symbolcount><history symbolstring="QEM:CC" start="2017-06-12" end="2017-06-12" adjusted="true" unadjusted="false"><key><symbol><![CDATA[QEM:CC]]></symbol><exchange><![CDATA[TSX]]></exchange><exLgName><![CDATA[Toronto Stock Exchange]]></exLgName><exShName><![CDATA[TSX]]></exShName><marketplace><![CDATA[TSXC]]></marketplace></key><equityinfo><longname><![CDATA[QuantShares Enhanced Core Emerging Markets Equity ETF]]></longname><shortname><![CDATA[QEM:CC]]></shortname></equityinfo><eoddata date="2017-06-12"><open>28.15</open><high>28.15</high><low>28.15</low><close>28.15</close><vwap>28.15</vwap><change>-0.31</change><changepercent>-1.0892</changepercent><sharevolume>200</sharevolume><totalvalue>5630</totalvalue><totaltrades>1</totaltrades><bid>27.87</bid><ask>27.95</ask><bidsize>20000</bidsize><asksize>690000</asksize></eoddata></history></results>