<?xml version="1.0" encoding="ISO-8859-1"?><!DOCTYPE results SYSTEM "http://app.quotemedia.com/data/dtds/history.dtd"><results><copyright>Copyright (c) 2017 QuoteMedia, Inc.</copyright><symbolcount>1</symbolcount><history symbolstring="QEM:CC" start="2017-02-13" end="2017-02-13" adjusted="true" unadjusted="false"><key><symbol><![CDATA[QEM:CC]]></symbol><exchange><![CDATA[TSX]]></exchange><exLgName><![CDATA[Toronto Stock Exchange]]></exLgName><exShName><![CDATA[TSX]]></exShName><marketplace><![CDATA[TSXC]]></marketplace></key><equityinfo><longname><![CDATA[QuantShares Enhanced Core Emerging Markets Equity ETF]]></longname><shortname><![CDATA[QEM:CC]]></shortname></equityinfo><eoddata date="2017-02-13"><open>25.47</open><high>26.23</high><low>25.47</low><close>25.47</close><vwap>25.47</vwap><change>0.15</change><changepercent>0.592417</changepercent><sharevolume>430</sharevolume><totalvalue>10952.1</totalvalue><totaltrades>3</totaltrades><bid>25.39</bid><ask>25.47</ask><bidsize>700000</bidsize><asksize>20000</asksize></eoddata></history></results>