<?xml version="1.0" encoding="ISO-8859-1"?><!DOCTYPE results SYSTEM "http://app.quotemedia.com/data/dtds/history.dtd"><results><copyright>Copyright (c) 2017 QuoteMedia, Inc.</copyright><symbolcount>1</symbolcount><history symbolstring="QEM:CC" start="2017-05-26" end="2017-05-26" adjusted="true" unadjusted="false"><key><symbol><![CDATA[QEM:CC]]></symbol><exchange><![CDATA[TSX]]></exchange><exLgName><![CDATA[Toronto Stock Exchange]]></exLgName><exShName><![CDATA[TSX]]></exShName><marketplace><![CDATA[TSXC]]></marketplace></key><equityinfo><longname><![CDATA[QuantShares Enhanced Core Emerging Markets Equity ETF]]></longname><shortname><![CDATA[QEM:CC]]></shortname></equityinfo><eoddata date="2017-05-26"><open>28.08</open><high>28.08</high><low>28.08</low><close>28.08</close><vwap>28.08</vwap><change>0.11</change><changepercent>0.393279</changepercent><sharevolume>1091</sharevolume><totalvalue>30635.28</totalvalue><totaltrades>2</totaltrades><bid>28.07</bid><ask>28.18</ask><bidsize>20000</bidsize><asksize>700000</asksize></eoddata></history></results>