<?xml version="1.0" encoding="ISO-8859-1"?><!DOCTYPE results SYSTEM "http://app.quotemedia.com/data/dtds/history.dtd"><results><copyright>Copyright (c) 2017 QuoteMedia, Inc.</copyright><symbolcount>1</symbolcount><history symbolstring="QEM:CC" start="2017-09-20" end="2017-09-20" adjusted="true" unadjusted="false"><key><symbol><![CDATA[QEM:CC]]></symbol><exchange><![CDATA[TSX]]></exchange><exLgName><![CDATA[Toronto Stock Exchange]]></exLgName><exShName><![CDATA[TSX]]></exShName><marketplace><![CDATA[TSXC]]></marketplace></key><equityinfo><longname><![CDATA[QuantShares Enhanced Core Emerging Markets Equity ETF]]></longname><shortname><![CDATA[QEM:CC]]></shortname></equityinfo><eoddata date="2017-09-20"><open>27.25</open><high>27.35</high><low>27.25</low><close>27.27</close><vwap>27.2856</vwap><change>-0.09</change><changepercent>-0.328947</changepercent><sharevolume>13062</sharevolume><totalvalue>356406.3</totalvalue><totaltrades>26</totaltrades><bid>27.29</bid><ask>27.41</ask><bidsize>700000</bidsize><asksize>10000</asksize></eoddata></history></results>