<?xml version="1.0" encoding="ISO-8859-1"?><!DOCTYPE results SYSTEM "http://app.quotemedia.com/data/dtds/history.dtd"><results><copyright>Copyright (c) 2017 QuoteMedia, Inc.</copyright><symbolcount>1</symbolcount><history symbolstring="QEM:CC" start="2017-07-27" end="2017-07-27" adjusted="true" unadjusted="false"><key><symbol><![CDATA[QEM:CC]]></symbol><exchange><![CDATA[TSX]]></exchange><exLgName><![CDATA[Toronto Stock Exchange]]></exLgName><exShName><![CDATA[TSX]]></exShName><marketplace><![CDATA[TSXC]]></marketplace></key><equityinfo><longname><![CDATA[QuantShares Enhanced Core Emerging Markets Equity ETF]]></longname><shortname><![CDATA[QEM:CC]]></shortname></equityinfo><eoddata date="2017-07-27"><open>27.46</open><high>27.46</high><low>27.22</low><close>27.31</close><vwap>27.3954</vwap><change>0.18</change><changepercent>0.663472</changepercent><sharevolume>32300</sharevolume><totalvalue>884870</totalvalue><totaltrades>58</totaltrades><bid>27.30</bid><ask>27.41</ask><bidsize>350000</bidsize><asksize>710000</asksize></eoddata></history></results>