<?xml version="1.0" encoding="ISO-8859-1"?><!DOCTYPE results SYSTEM "http://app.quotemedia.com/data/dtds/history.dtd"><results><copyright>Copyright (c) 2017 QuoteMedia, Inc.</copyright><symbolcount>1</symbolcount><history symbolstring="QEM:CC" start="2017-04-07" end="2017-04-07" adjusted="true" unadjusted="false"><key><symbol><![CDATA[QEM:CC]]></symbol><exchange><![CDATA[TSX]]></exchange><exLgName><![CDATA[Toronto Stock Exchange]]></exLgName><exShName><![CDATA[TSX]]></exShName><marketplace><![CDATA[TSXC]]></marketplace></key><equityinfo><longname><![CDATA[QuantShares Enhanced Core Emerging Markets Equity ETF]]></longname><shortname><![CDATA[QEM:CC]]></shortname></equityinfo><eoddata date="2017-04-07"><open>26.66</open><high>26.66</high><low>26.57</low><close>26.57</close><vwap>26.5778</vwap><change>-0.17</change><changepercent>-0.635752</changepercent><sharevolume>1800</sharevolume><totalvalue>47840</totalvalue><totaltrades>5</totaltrades><bid>26.62</bid><ask>26.73</ask><bidsize>20000</bidsize><asksize>700000</asksize></eoddata></history></results>