<?xml version="1.0" encoding="ISO-8859-1"?><!DOCTYPE results SYSTEM "http://app.quotemedia.com/data/dtds/history.dtd"><results><copyright>Copyright (c) 2017 QuoteMedia, Inc.</copyright><symbolcount>1</symbolcount><history symbolstring="QEM:CC" start="2017-07-25" end="2017-07-25" adjusted="true" unadjusted="false"><key><symbol><![CDATA[QEM:CC]]></symbol><exchange><![CDATA[TSX]]></exchange><exLgName><![CDATA[Toronto Stock Exchange]]></exLgName><exShName><![CDATA[TSX]]></exShName><marketplace><![CDATA[TSXC]]></marketplace></key><equityinfo><longname><![CDATA[QuantShares Enhanced Core Emerging Markets Equity ETF]]></longname><shortname><![CDATA[QEM:CC]]></shortname></equityinfo><eoddata date="2017-07-25"><open>27.2243</open><high>27.25</high><low>27.19</low><close>27.19</close><vwap>27.2246</vwap><change>0.02</change><changepercent>0.073611</changepercent><sharevolume>766398</sharevolume><totalvalue>20864876</totalvalue><totaltrades>12</totaltrades><bid>27.13</bid><ask>27.21</ask><bidsize>10000</bidsize><asksize>700000</asksize></eoddata></history></results>