<?xml version="1.0" encoding="ISO-8859-1"?><!DOCTYPE results SYSTEM "http://app.quotemedia.com/data/dtds/history.dtd"><results><copyright>Copyright (c) 2017 QuoteMedia, Inc.</copyright><symbolcount>1</symbolcount><history symbolstring="QEM:CC" start="2017-03-27" end="2017-03-27" adjusted="true" unadjusted="false"><key><symbol><![CDATA[QEM:CC]]></symbol><exchange><![CDATA[TSX]]></exchange><exLgName><![CDATA[Toronto Stock Exchange]]></exLgName><exShName><![CDATA[TSX]]></exShName><marketplace><![CDATA[TSXC]]></marketplace></key><equityinfo><longname><![CDATA[QuantShares Enhanced Core Emerging Markets Equity ETF]]></longname><shortname><![CDATA[QEM:CC]]></shortname></equityinfo><eoddata date="2017-03-27"><open>26.62</open><high>26.62</high><low>26.62</low><close>26.62</close><vwap>26.62</vwap><change>0.02</change><changepercent>0.075188</changepercent><sharevolume>186</sharevolume><totalvalue>4950.71</totalvalue><totaltrades>4</totaltrades><bid>26.52</bid><ask>26.62</ask><bidsize>20000</bidsize><asksize>690000</asksize></eoddata></history></results>