<?xml version="1.0" encoding="ISO-8859-1"?><!DOCTYPE results SYSTEM "http://app.quotemedia.com/data/dtds/history.dtd"><results><copyright>Copyright (c) 2017 QuoteMedia, Inc.</copyright><symbolcount>1</symbolcount><history symbolstring="QEM:CC" start="2017-03-03" end="2017-03-03" adjusted="true" unadjusted="false"><key><symbol><![CDATA[QEM:CC]]></symbol><exchange><![CDATA[TSX]]></exchange><exLgName><![CDATA[Toronto Stock Exchange]]></exLgName><exShName><![CDATA[TSX]]></exShName><marketplace><![CDATA[TSXC]]></marketplace></key><equityinfo><longname><![CDATA[QuantShares Enhanced Core Emerging Markets Equity ETF]]></longname><shortname><![CDATA[QEM:CC]]></shortname></equityinfo><eoddata date="2017-03-03"><open>25.82</open><high>25.87</high><low>25.79</low><close>25.87</close><vwap>25.8118</vwap><change>0.09</change><changepercent>0.349108</changepercent><sharevolume>1390</sharevolume><totalvalue>35877.9</totalvalue><totaltrades>16</totaltrades><bid>25.75</bid><ask>25.84</ask><bidsize>20000</bidsize><asksize>700000</asksize></eoddata></history></results>