<?xml version="1.0" encoding="ISO-8859-1"?><!DOCTYPE results SYSTEM "http://app.quotemedia.com/data/dtds/history.dtd"><results><copyright>Copyright (c) 2017 QuoteMedia, Inc.</copyright><symbolcount>1</symbolcount><history symbolstring="QEM:CC" start="2017-07-07" end="2017-07-07" adjusted="true" unadjusted="false"><key><symbol><![CDATA[QEM:CC]]></symbol><exchange><![CDATA[TSX]]></exchange><exLgName><![CDATA[Toronto Stock Exchange]]></exLgName><exShName><![CDATA[TSX]]></exShName><marketplace><![CDATA[TSXC]]></marketplace></key><equityinfo><longname><![CDATA[QuantShares Enhanced Core Emerging Markets Equity ETF]]></longname><shortname><![CDATA[QEM:CC]]></shortname></equityinfo><eoddata date="2017-07-07"><open>26.88</open><high>26.88</high><low>26.88</low><close>26.88</close><vwap>26.88</vwap><change>-0.14</change><changepercent>-0.518135</changepercent><sharevolume>332</sharevolume><totalvalue>8924.16</totalvalue><totaltrades>2</totaltrades><bid>26.85</bid><ask>26.90</ask><bidsize>40000</bidsize><asksize>680000</asksize></eoddata></history></results>