<?xml version="1.0" encoding="ISO-8859-1"?><!DOCTYPE results SYSTEM "http://app.quotemedia.com/data/dtds/history.dtd"><results><copyright>Copyright (c) 2017 QuoteMedia, Inc.</copyright><symbolcount>1</symbolcount><history symbolstring="QEM:CC" start="2017-05-17" end="2017-05-17" adjusted="true" unadjusted="false"><key><symbol><![CDATA[QEM:CC]]></symbol><exchange><![CDATA[TSX]]></exchange><exLgName><![CDATA[Toronto Stock Exchange]]></exLgName><exShName><![CDATA[TSX]]></exShName><marketplace><![CDATA[TSXC]]></marketplace></key><equityinfo><longname><![CDATA[QuantShares Enhanced Core Emerging Markets Equity ETF]]></longname><shortname><![CDATA[QEM:CC]]></shortname></equityinfo><eoddata date="2017-05-17"><open>28.11</open><high>28.11</high><low>28.11</low><close>28.11</close><vwap>28.11</vwap><change>-0.39</change><changepercent>-1.3684</changepercent><sharevolume>129</sharevolume><totalvalue>3626.19</totalvalue><totaltrades>2</totaltrades><bid>27.95</bid><ask>27.97</ask><bidsize>30000</bidsize><asksize>680000</asksize></eoddata></history></results>