<?xml version="1.0" encoding="ISO-8859-1"?><!DOCTYPE results SYSTEM "http://app.quotemedia.com/data/dtds/history.dtd"><results><copyright>Copyright (c) 2017 QuoteMedia, Inc.</copyright><symbolcount>1</symbolcount><history symbolstring="QEM:CC" start="2017-05-18" end="2017-05-18" adjusted="true" unadjusted="false"><key><symbol><![CDATA[QEM:CC]]></symbol><exchange><![CDATA[TSX]]></exchange><exLgName><![CDATA[Toronto Stock Exchange]]></exLgName><exShName><![CDATA[TSX]]></exShName><marketplace><![CDATA[TSXC]]></marketplace></key><equityinfo><longname><![CDATA[QuantShares Enhanced Core Emerging Markets Equity ETF]]></longname><shortname><![CDATA[QEM:CC]]></shortname></equityinfo><eoddata date="2017-05-18"><open>27.95</open><high>27.95</high><low>27.73</low><close>27.82</close><vwap>27.8371</vwap><change>-0.29</change><changepercent>-1.0317</changepercent><sharevolume>743</sharevolume><totalvalue>20682.26</totalvalue><totaltrades>4</totaltrades><bid>27.70</bid><ask>27.84</ask><bidsize>10000</bidsize><asksize>700000</asksize></eoddata></history></results>