<?xml version="1.0" encoding="ISO-8859-1"?><!DOCTYPE results SYSTEM "http://app.quotemedia.com/data/dtds/history.dtd"><results><copyright>Copyright (c) 2017 QuoteMedia, Inc.</copyright><symbolcount>1</symbolcount><history symbolstring="QEM:CC" start="2017-08-02" end="2017-08-02" adjusted="true" unadjusted="false"><key><symbol><![CDATA[QEM:CC]]></symbol><exchange><![CDATA[TSX]]></exchange><exLgName><![CDATA[Toronto Stock Exchange]]></exLgName><exShName><![CDATA[TSX]]></exShName><marketplace><![CDATA[TSXC]]></marketplace></key><equityinfo><longname><![CDATA[QuantShares Enhanced Core Emerging Markets Equity ETF]]></longname><shortname><![CDATA[QEM:CC]]></shortname></equityinfo><eoddata date="2017-08-02"><open>27.42</open><high>27.42</high><low>27.42</low><close>27.42</close><vwap>27.42</vwap><change>0.09</change><changepercent>0.329308</changepercent><sharevolume>158</sharevolume><totalvalue>4333.36</totalvalue><totaltrades>3</totaltrades><bid>27.45</bid><ask>27.53</ask><bidsize>10000</bidsize><asksize>700000</asksize></eoddata></history></results>