<?xml version="1.0" encoding="ISO-8859-1"?><!DOCTYPE results SYSTEM "http://app.quotemedia.com/data/dtds/history.dtd"><results><copyright>Copyright (c) 2017 QuoteMedia, Inc.</copyright><symbolcount>1</symbolcount><history symbolstring="QEM:CC" start="2017-10-10" end="2017-10-10" adjusted="true" unadjusted="false"><key><symbol><![CDATA[QEM:CC]]></symbol><exchange><![CDATA[TSX]]></exchange><exLgName><![CDATA[Toronto Stock Exchange]]></exLgName><exShName><![CDATA[TSX]]></exShName><marketplace><![CDATA[TSXC]]></marketplace></key><equityinfo><longname><![CDATA[QuantShares Enhanced Core Emerging Markets Equity ETF]]></longname><shortname><![CDATA[QEM:CC]]></shortname></equityinfo><eoddata date="2017-10-10"><open>27.77</open><high>27.78</high><low>27.77</low><close>27.78</close><vwap>27.7767</vwap><change>0.14</change><changepercent>0.506512</changepercent><sharevolume>762</sharevolume><totalvalue>21166.14</totalvalue><totaltrades>4</totaltrades><bid>27.71</bid><ask>27.80</ask><bidsize>70000</bidsize><asksize>10000</asksize></eoddata></history></results>