<?xml version="1.0" encoding="ISO-8859-1"?><!DOCTYPE results SYSTEM "http://app.quotemedia.com/data/dtds/history.dtd"><results><copyright>Copyright (c) 2017 QuoteMedia, Inc.</copyright><symbolcount>1</symbolcount><history symbolstring="QEM:CC" start="2017-08-18" end="2017-08-18" adjusted="true" unadjusted="false"><key><symbol><![CDATA[QEM:CC]]></symbol><exchange><![CDATA[TSX]]></exchange><exLgName><![CDATA[Toronto Stock Exchange]]></exLgName><exShName><![CDATA[TSX]]></exShName><marketplace><![CDATA[TSXC]]></marketplace></key><equityinfo><longname><![CDATA[QuantShares Enhanced Core Emerging Markets Equity ETF]]></longname><shortname><![CDATA[QEM:CC]]></shortname></equityinfo><eoddata date="2017-08-18"><open>27.12</open><high>27.12</high><low>27.11</low><close>27.11</close><vwap>27.1131</vwap><change>-0.07</change><changepercent>-0.257542</changepercent><sharevolume>32000</sharevolume><totalvalue>867620</totalvalue><totaltrades>36</totaltrades><bid>26.99</bid><ask>27.08</ask><bidsize>10000</bidsize><asksize>700000</asksize></eoddata></history></results>