<?xml version="1.0" encoding="ISO-8859-1"?><!DOCTYPE results SYSTEM "http://app.quotemedia.com/data/dtds/history.dtd"><results><copyright>Copyright (c) 2017 QuoteMedia, Inc.</copyright><symbolcount>1</symbolcount><history symbolstring="QEM:CC" start="2017-08-17" end="2017-08-17" adjusted="true" unadjusted="false"><key><symbol><![CDATA[QEM:CC]]></symbol><exchange><![CDATA[TSX]]></exchange><exLgName><![CDATA[Toronto Stock Exchange]]></exLgName><exShName><![CDATA[TSX]]></exShName><marketplace><![CDATA[TSXC]]></marketplace></key><equityinfo><longname><![CDATA[QuantShares Enhanced Core Emerging Markets Equity ETF]]></longname><shortname><![CDATA[QEM:CC]]></shortname></equityinfo><eoddata date="2017-08-17"><open>27.18</open><high>27.18</high><low>27.18</low><close>27.18</close><vwap>27.18</vwap><change>-0.25</change><changepercent>-0.911411</changepercent><sharevolume>209</sharevolume><totalvalue>5680.53</totalvalue><totaltrades>4</totaltrades><bid>27.09</bid><ask>27.16</ask><bidsize>10000</bidsize><asksize>10000</asksize></eoddata></history></results>