<?xml version="1.0" encoding="ISO-8859-1"?><!DOCTYPE results SYSTEM "http://app.quotemedia.com/data/dtds/history.dtd"><results><copyright>Copyright (c) 2017 QuoteMedia, Inc.</copyright><symbolcount>1</symbolcount><history symbolstring="QEM:CC" start="2017-09-25" end="2017-09-25" adjusted="true" unadjusted="false"><key><symbol><![CDATA[QEM:CC]]></symbol><exchange><![CDATA[TSX]]></exchange><exLgName><![CDATA[Toronto Stock Exchange]]></exLgName><exShName><![CDATA[TSX]]></exShName><marketplace><![CDATA[TSXC]]></marketplace></key><equityinfo><longname><![CDATA[QuantShares Enhanced Core Emerging Markets Equity ETF]]></longname><shortname><![CDATA[QEM:CC]]></shortname></equityinfo><eoddata date="2017-09-25"><open>26.93</open><high>26.97</high><low>26.93</low><close>26.97</close><vwap>26.9357</vwap><change>-0.29</change><changepercent>-1.0638</changepercent><sharevolume>878</sharevolume><totalvalue>23649.94</totalvalue><totaltrades>10</totaltrades><bid>26.91</bid><ask>27.03</ask><bidsize>10000</bidsize><asksize>10000</asksize></eoddata></history></results>