<?xml version="1.0" encoding="ISO-8859-1"?><!DOCTYPE results SYSTEM "http://app.quotemedia.com/data/dtds/history.dtd"><results><copyright>Copyright (c) 2017 QuoteMedia, Inc.</copyright><symbolcount>1</symbolcount><history symbolstring="QEM:CC" start="2017-05-01" end="2017-05-01" adjusted="true" unadjusted="false"><key><symbol><![CDATA[QEM:CC]]></symbol><exchange><![CDATA[TSX]]></exchange><exLgName><![CDATA[Toronto Stock Exchange]]></exLgName><exShName><![CDATA[TSX]]></exShName><marketplace><![CDATA[TSXC]]></marketplace></key><equityinfo><longname><![CDATA[QuantShares Enhanced Core Emerging Markets Equity ETF]]></longname><shortname><![CDATA[QEM:CC]]></shortname></equityinfo><eoddata date="2017-05-01"><close>27.36</close><change>0.00</change><changepercent>0.00</changepercent><sharevolume>113</sharevolume><totalvalue>3104.5</totalvalue><totaltrades>3</totaltrades><bid>27.40</bid><ask>27.50</ask><bidsize>100000</bidsize><asksize>100000</asksize></eoddata></history></results>