<?xml version="1.0" encoding="ISO-8859-1"?><!DOCTYPE results SYSTEM "http://app.quotemedia.com/data/dtds/history.dtd"><results><copyright>Copyright (c) 2017 QuoteMedia, Inc.</copyright><symbolcount>1</symbolcount><history symbolstring="QEM:CC" start="2017-02-08" end="2017-02-08" adjusted="true" unadjusted="false"><key><symbol><![CDATA[QEM:CC]]></symbol><exchange><![CDATA[TSX]]></exchange><exLgName><![CDATA[Toronto Stock Exchange]]></exLgName><exShName><![CDATA[TSX]]></exShName><marketplace><![CDATA[TSXC]]></marketplace></key><equityinfo><longname><![CDATA[QuantShares Enhanced Core Emerging Markets Equity ETF]]></longname><shortname><![CDATA[QEM:CC]]></shortname></equityinfo><eoddata date="2017-02-08"><open>25.32</open><high>25.32</high><low>25.32</low><close>25.32</close><vwap>25.32</vwap><change>0.14</change><changepercent>0.555997</changepercent><sharevolume>50</sharevolume><totalvalue>1266</totalvalue><totaltrades>1</totaltrades><bid>25.24</bid><ask>25.34</ask><bidsize>20000</bidsize><asksize>700000</asksize></eoddata></history></results>