<?xml version="1.0" encoding="ISO-8859-1"?><!DOCTYPE results SYSTEM "http://app.quotemedia.com/data/dtds/history.dtd"><results><copyright>Copyright (c) 2017 QuoteMedia, Inc.</copyright><symbolcount>1</symbolcount><history symbolstring="QEM:CC" start="2017-07-28" end="2017-07-28" adjusted="true" unadjusted="false"><key><symbol><![CDATA[QEM:CC]]></symbol><exchange><![CDATA[TSX]]></exchange><exLgName><![CDATA[Toronto Stock Exchange]]></exLgName><exShName><![CDATA[TSX]]></exShName><marketplace><![CDATA[TSXC]]></marketplace></key><equityinfo><longname><![CDATA[QuantShares Enhanced Core Emerging Markets Equity ETF]]></longname><shortname><![CDATA[QEM:CC]]></shortname></equityinfo><eoddata date="2017-07-28"><open>27.22</open><high>27.22</high><low>27.19</low><close>27.19</close><vwap>27.205</vwap><change>-0.12</change><changepercent>-0.439399</changepercent><sharevolume>286</sharevolume><totalvalue>7780.8</totalvalue><totaltrades>4</totaltrades><bid>27.19</bid><ask>27.24</ask><bidsize>10000</bidsize><asksize>700000</asksize></eoddata></history></results>