<?xml version="1.0" encoding="ISO-8859-1"?><!DOCTYPE results SYSTEM "http://app.quotemedia.com/data/dtds/history.dtd"><results><copyright>Copyright (c) 2017 QuoteMedia, Inc.</copyright><symbolcount>1</symbolcount><history symbolstring="QEM:CC" start="2017-10-05" end="2017-10-05" adjusted="true" unadjusted="false"><key><symbol><![CDATA[QEM:CC]]></symbol><exchange><![CDATA[TSX]]></exchange><exLgName><![CDATA[Toronto Stock Exchange]]></exLgName><exShName><![CDATA[TSX]]></exShName><marketplace><![CDATA[TSXC]]></marketplace></key><equityinfo><longname><![CDATA[QuantShares Enhanced Core Emerging Markets Equity ETF]]></longname><shortname><![CDATA[QEM:CC]]></shortname></equityinfo><eoddata date="2017-10-05"><open>27.73</open><high>27.73</high><low>27.73</low><close>27.73</close><vwap>27.73</vwap><change>0.31</change><changepercent>1.1306</changepercent><sharevolume>454</sharevolume><totalvalue>12583.42</totalvalue><totaltrades>3</totaltrades><bid>27.64</bid><ask>27.75</ask><bidsize>710000</bidsize><asksize>10000</asksize></eoddata></history></results>