<?xml version="1.0" encoding="ISO-8859-1"?><!DOCTYPE results SYSTEM "http://app.quotemedia.com/data/dtds/history.dtd"><results><copyright>Copyright (c) 2017 QuoteMedia, Inc.</copyright><symbolcount>1</symbolcount><history symbolstring="QEM:CC" start="2017-08-04" end="2017-08-04" adjusted="true" unadjusted="false"><key><symbol><![CDATA[QEM:CC]]></symbol><exchange><![CDATA[TSX]]></exchange><exLgName><![CDATA[Toronto Stock Exchange]]></exLgName><exShName><![CDATA[TSX]]></exShName><marketplace><![CDATA[TSXC]]></marketplace></key><equityinfo><longname><![CDATA[QuantShares Enhanced Core Emerging Markets Equity ETF]]></longname><shortname><![CDATA[QEM:CC]]></shortname></equityinfo><eoddata date="2017-08-04"><open>27.56</open><high>27.57</high><low>27.56</low><close>27.56</close><vwap>27.5603</vwap><change>0.21</change><changepercent>0.767825</changepercent><sharevolume>13663</sharevolume><totalvalue>376556.28</totalvalue><totaltrades>25</totaltrades><bid>27.54</bid><ask>27.66</ask><bidsize>10000</bidsize><asksize>700000</asksize></eoddata></history></results>