<?xml version="1.0" encoding="ISO-8859-1"?><!DOCTYPE results SYSTEM "http://app.quotemedia.com/data/dtds/history.dtd"><results><copyright>Copyright (c) 2017 QuoteMedia, Inc.</copyright><symbolcount>1</symbolcount><history symbolstring="QEM:CC" start="2017-06-26" end="2017-06-26" adjusted="true" unadjusted="false"><key><symbol><![CDATA[QEM:CC]]></symbol><exchange><![CDATA[TSX]]></exchange><exLgName><![CDATA[Toronto Stock Exchange]]></exLgName><exShName><![CDATA[TSX]]></exShName><marketplace><![CDATA[TSXC]]></marketplace></key><equityinfo><longname><![CDATA[QuantShares Enhanced Core Emerging Markets Equity ETF]]></longname><shortname><![CDATA[QEM:CC]]></shortname></equityinfo><eoddata date="2017-06-26"><open>27.79</open><high>27.79</high><low>27.79</low><close>27.79</close><vwap>27.79</vwap><change>0.10</change><changepercent>0.361141</changepercent><sharevolume>153</sharevolume><totalvalue>4252.4</totalvalue><totaltrades>2</totaltrades><bid>27.72</bid><ask>27.78</ask><bidsize>20000</bidsize><asksize>700000</asksize></eoddata></history></results>