<?xml version="1.0" encoding="ISO-8859-1"?><!DOCTYPE results SYSTEM "http://app.quotemedia.com/data/dtds/history.dtd"><results><copyright>Copyright (c) 2017 QuoteMedia, Inc.</copyright><symbolcount>1</symbolcount><history symbolstring="QEM:CC" start="2017-05-12" end="2017-05-12" adjusted="true" unadjusted="false"><key><symbol><![CDATA[QEM:CC]]></symbol><exchange><![CDATA[TSX]]></exchange><exLgName><![CDATA[Toronto Stock Exchange]]></exLgName><exShName><![CDATA[TSX]]></exShName><marketplace><![CDATA[TSXC]]></marketplace></key><equityinfo><longname><![CDATA[QuantShares Enhanced Core Emerging Markets Equity ETF]]></longname><shortname><![CDATA[QEM:CC]]></shortname></equityinfo><eoddata date="2017-05-12"><open>28.17</open><high>28.17</high><low>28.17</low><close>28.17</close><vwap>28.17</vwap><change>0.46</change><changepercent>1.6601</changepercent><sharevolume>2190</sharevolume><totalvalue>61694.1</totalvalue><totaltrades>7</totaltrades><bid>28.16</bid><ask>28.26</ask><bidsize>20000</bidsize><asksize>700000</asksize></eoddata></history></results>