<?xml version="1.0" encoding="ISO-8859-1"?><!DOCTYPE results SYSTEM "http://app.quotemedia.com/data/dtds/history.dtd"><results><copyright>Copyright (c) 2017 QuoteMedia, Inc.</copyright><symbolcount>1</symbolcount><history symbolstring="QEM:CC" start="2017-03-01" end="2017-03-01" adjusted="true" unadjusted="false"><key><symbol><![CDATA[QEM:CC]]></symbol><exchange><![CDATA[TSX]]></exchange><exLgName><![CDATA[Toronto Stock Exchange]]></exLgName><exShName><![CDATA[TSX]]></exShName><marketplace><![CDATA[TSXC]]></marketplace></key><equityinfo><longname><![CDATA[QuantShares Enhanced Core Emerging Markets Equity ETF]]></longname><shortname><![CDATA[QEM:CC]]></shortname></equityinfo><eoddata date="2017-03-01"><open>25.86</open><high>25.89</high><low>25.86</low><close>25.86</close><vwap>25.8754</vwap><change>0.22</change><changepercent>0.858034</changepercent><sharevolume>910</sharevolume><totalvalue>23546.6</totalvalue><totaltrades>11</totaltrades><bid>25.83</bid><ask>25.86</ask><bidsize>10000</bidsize><asksize>640000</asksize></eoddata></history></results>