<?xml version="1.0" encoding="ISO-8859-1"?><!DOCTYPE results SYSTEM "http://app.quotemedia.com/data/dtds/history.dtd"><results><copyright>Copyright (c) 2017 QuoteMedia, Inc.</copyright><symbolcount>1</symbolcount><history symbolstring="QEM:CC" start="2017-09-08" end="2017-09-08" adjusted="true" unadjusted="false"><key><symbol><![CDATA[QEM:CC]]></symbol><exchange><![CDATA[TSX]]></exchange><exLgName><![CDATA[Toronto Stock Exchange]]></exLgName><exShName><![CDATA[TSX]]></exShName><marketplace><![CDATA[TSXC]]></marketplace></key><equityinfo><longname><![CDATA[QuantShares Enhanced Core Emerging Markets Equity ETF]]></longname><shortname><![CDATA[QEM:CC]]></shortname></equityinfo><eoddata date="2017-09-08"><open>26.74</open><high>26.74</high><low>26.64</low><close>26.64</close><vwap>26.6809</vwap><change>-0.12</change><changepercent>-0.448431</changepercent><sharevolume>18064</sharevolume><totalvalue>481962.88</totalvalue><totaltrades>38</totaltrades><bid>26.62</bid><ask>26.75</ask><bidsize>110000</bidsize><asksize>710000</asksize></eoddata></history></results>