<?xml version="1.0" encoding="ISO-8859-1"?><!DOCTYPE results SYSTEM "http://app.quotemedia.com/data/dtds/history.dtd"><results><copyright>Copyright (c) 2017 QuoteMedia, Inc.</copyright><symbolcount>1</symbolcount><history symbolstring="QEM:CC" start="2017-07-26" end="2017-07-26" adjusted="true" unadjusted="false"><key><symbol><![CDATA[QEM:CC]]></symbol><exchange><![CDATA[TSX]]></exchange><exLgName><![CDATA[Toronto Stock Exchange]]></exLgName><exShName><![CDATA[TSX]]></exShName><marketplace><![CDATA[TSXC]]></marketplace></key><equityinfo><longname><![CDATA[QuantShares Enhanced Core Emerging Markets Equity ETF]]></longname><shortname><![CDATA[QEM:CC]]></shortname></equityinfo><eoddata date="2017-07-26"><open>27.33</open><high>27.33</high><low>27.13</low><close>27.13</close><vwap>27.2219</vwap><change>-0.06</change><changepercent>-0.220669</changepercent><sharevolume>23703</sharevolume><totalvalue>645222.91</totalvalue><totaltrades>44</totaltrades><bid>27.14</bid><ask>27.26</ask><bidsize>350000</bidsize><asksize>710000</asksize></eoddata></history></results>