<?xml version="1.0" encoding="ISO-8859-1"?><!DOCTYPE results SYSTEM "http://app.quotemedia.com/data/dtds/history.dtd"><results><copyright>Copyright (c) 2017 QuoteMedia, Inc.</copyright><symbolcount>1</symbolcount><history symbolstring="QEM:CC" start="2017-08-22" end="2017-08-22" adjusted="true" unadjusted="false"><key><symbol><![CDATA[QEM:CC]]></symbol><exchange><![CDATA[TSX]]></exchange><exLgName><![CDATA[Toronto Stock Exchange]]></exLgName><exShName><![CDATA[TSX]]></exShName><marketplace><![CDATA[TSXC]]></marketplace></key><equityinfo><longname><![CDATA[QuantShares Enhanced Core Emerging Markets Equity ETF]]></longname><shortname><![CDATA[QEM:CC]]></shortname></equityinfo><eoddata date="2017-08-22"><open>27.28</open><high>27.28</high><low>27.27</low><close>27.27</close><vwap>27.276</vwap><change>0.21</change><changepercent>0.776053</changepercent><sharevolume>607</sharevolume><totalvalue>16555.09</totalvalue><totaltrades>5</totaltrades><bid>27.28</bid><ask>27.37</ask><bidsize>10000</bidsize><asksize>700000</asksize></eoddata></history></results>