<?xml version="1.0" encoding="ISO-8859-1"?><!DOCTYPE results SYSTEM "http://app.quotemedia.com/data/dtds/history.dtd"><results><copyright>Copyright (c) 2017 QuoteMedia, Inc.</copyright><symbolcount>1</symbolcount><history symbolstring="QEM:CC" start="2017-02-14" end="2017-02-14" adjusted="true" unadjusted="false"><key><symbol><![CDATA[QEM:CC]]></symbol><exchange><![CDATA[TSX]]></exchange><exLgName><![CDATA[Toronto Stock Exchange]]></exLgName><exShName><![CDATA[TSX]]></exShName><marketplace><![CDATA[TSXC]]></marketplace></key><equityinfo><longname><![CDATA[QuantShares Enhanced Core Emerging Markets Equity ETF]]></longname><shortname><![CDATA[QEM:CC]]></shortname></equityinfo><eoddata date="2017-02-14"><open>25.37</open><high>25.39</high><low>25.37</low><close>25.39</close><vwap>25.3704</vwap><change>-0.08</change><changepercent>-0.314095</changepercent><sharevolume>1020</sharevolume><totalvalue>25877.8</totalvalue><totaltrades>2</totaltrades><bid>25.34</bid><ask>25.42</ask><bidsize>10000</bidsize><asksize>630000</asksize></eoddata></history></results>