<?xml version="1.0" encoding="ISO-8859-1"?><!DOCTYPE results SYSTEM "http://app.quotemedia.com/data/dtds/history.dtd"><results><copyright>Copyright (c) 2017 QuoteMedia, Inc.</copyright><symbolcount>1</symbolcount><history symbolstring="QEM:CC" start="2017-02-03" end="2017-02-03" adjusted="true" unadjusted="false"><key><symbol><![CDATA[QEM:CC]]></symbol><exchange><![CDATA[TSX]]></exchange><exLgName><![CDATA[Toronto Stock Exchange]]></exLgName><exShName><![CDATA[TSX]]></exShName><marketplace><![CDATA[TSXC]]></marketplace></key><equityinfo><longname><![CDATA[QuantShares Enhanced Core Emerging Markets Equity ETF]]></longname><shortname><![CDATA[QEM:CC]]></shortname></equityinfo><eoddata date="2017-02-03"><open>24.98</open><high>24.98</high><low>24.97</low><close>24.97</close><vwap>24.974</vwap><change>-0.01</change><changepercent>-0.040032</changepercent><sharevolume>1135</sharevolume><totalvalue>28346</totalvalue><totaltrades>7</totaltrades><bid>24.92</bid><ask>25.02</ask><bidsize>30000</bidsize><asksize>630000</asksize></eoddata></history></results>