<?xml version="1.0" encoding="ISO-8859-1"?><!DOCTYPE results SYSTEM "http://app.quotemedia.com/data/dtds/history.dtd"><results><copyright>Copyright (c) 2017 QuoteMedia, Inc.</copyright><symbolcount>1</symbolcount><history symbolstring="QEM:CC" start="2017-03-08" end="2017-03-08" adjusted="true" unadjusted="false"><key><symbol><![CDATA[QEM:CC]]></symbol><exchange><![CDATA[TSX]]></exchange><exLgName><![CDATA[Toronto Stock Exchange]]></exLgName><exShName><![CDATA[TSX]]></exShName><marketplace><![CDATA[TSXC]]></marketplace></key><equityinfo><longname><![CDATA[QuantShares Enhanced Core Emerging Markets Equity ETF]]></longname><shortname><![CDATA[QEM:CC]]></shortname></equityinfo><eoddata date="2017-03-08"><open>26.05</open><high>26.10</high><low>26.05</low><close>26.07</close><vwap>26.0827</vwap><change>0.13</change><changepercent>0.501157</changepercent><sharevolume>2580</sharevolume><totalvalue>67292.7</totalvalue><totaltrades>11</totaltrades><bid>25.96</bid><ask>26.05</ask><bidsize>20000</bidsize><asksize>510000</asksize></eoddata></history></results>