<?xml version="1.0" encoding="ISO-8859-1"?><!DOCTYPE results SYSTEM "http://app.quotemedia.com/data/dtds/history.dtd"><results><copyright>Copyright (c) 2017 QuoteMedia, Inc.</copyright><symbolcount>1</symbolcount><history symbolstring="QEM:CC" start="2017-01-31" end="2017-01-31" adjusted="true" unadjusted="false"><key><symbol><![CDATA[QEM:CC]]></symbol><exchange><![CDATA[TSX]]></exchange><exLgName><![CDATA[Toronto Stock Exchange]]></exLgName><exShName><![CDATA[TSX]]></exShName><marketplace><![CDATA[TSXC]]></marketplace></key><equityinfo><longname><![CDATA[QuantShares Enhanced Core Emerging Markets Equity ETF]]></longname><shortname><![CDATA[QEM:CC]]></shortname></equityinfo><eoddata date="2017-01-31"><open>24.74</open><high>24.85</high><low>24.74</low><close>24.75</close><vwap>24.7486</vwap><change>-0.10</change><changepercent>-0.402414</changepercent><sharevolume>800</sharevolume><totalvalue>19797.5</totalvalue><totaltrades>4</totaltrades><bid>24.63</bid><ask>24.73</ask><bidsize>30000</bidsize><asksize>690000</asksize></eoddata></history></results>