<?xml version="1.0" encoding="ISO-8859-1"?><!DOCTYPE results SYSTEM "http://app.quotemedia.com/data/dtds/history.dtd"><results><copyright>Copyright (c) 2017 QuoteMedia, Inc.</copyright><symbolcount>1</symbolcount><history symbolstring="QEM:CC" start="2017-04-27" end="2017-04-27" adjusted="true" unadjusted="false"><key><symbol><![CDATA[QEM:CC]]></symbol><exchange><![CDATA[TSX]]></exchange><exLgName><![CDATA[Toronto Stock Exchange]]></exLgName><exShName><![CDATA[TSX]]></exShName><marketplace><![CDATA[TSXC]]></marketplace></key><equityinfo><longname><![CDATA[QuantShares Enhanced Core Emerging Markets Equity ETF]]></longname><shortname><![CDATA[QEM:CC]]></shortname></equityinfo><eoddata date="2017-04-27"><open>27.45</open><high>27.45</high><low>27.36</low><close>27.36</close><vwap>27.3733</vwap><change>-0.18</change><changepercent>-0.653595</changepercent><sharevolume>1405</sharevolume><totalvalue>38462.3</totalvalue><totaltrades>4</totaltrades><bid>27.35</bid><ask>27.46</ask><bidsize>20000</bidsize><asksize>690000</asksize></eoddata></history></results>