<?xml version="1.0" encoding="ISO-8859-1"?><!DOCTYPE results SYSTEM "http://app.quotemedia.com/data/dtds/history.dtd"><results><copyright>Copyright (c) 2017 QuoteMedia, Inc.</copyright><symbolcount>1</symbolcount><history symbolstring="QEM:CC" start="2017-07-18" end="2017-07-18" adjusted="true" unadjusted="false"><key><symbol><![CDATA[QEM:CC]]></symbol><exchange><![CDATA[TSX]]></exchange><exLgName><![CDATA[Toronto Stock Exchange]]></exLgName><exShName><![CDATA[TSX]]></exShName><marketplace><![CDATA[TSXC]]></marketplace></key><equityinfo><longname><![CDATA[QuantShares Enhanced Core Emerging Markets Equity ETF]]></longname><shortname><![CDATA[QEM:CC]]></shortname></equityinfo><eoddata date="2017-07-18"><open>27.07</open><high>27.07</high><low>27.06</low><close>27.06</close><vwap>27.065</vwap><change>-0.03</change><changepercent>-0.110742</changepercent><sharevolume>3000</sharevolume><totalvalue>81195</totalvalue><totaltrades>16</totaltrades><bid>27.20</bid><ask>27.25</ask><bidsize>10000</bidsize><asksize>700000</asksize></eoddata></history></results>