<?xml version="1.0" encoding="ISO-8859-1"?><!DOCTYPE results SYSTEM "http://app.quotemedia.com/data/dtds/history.dtd"><results><copyright>Copyright (c) 2017 QuoteMedia, Inc.</copyright><symbolcount>1</symbolcount><history symbolstring="QEM:CC" start="2017-04-24" end="2017-04-24" adjusted="true" unadjusted="false"><key><symbol><![CDATA[QEM:CC]]></symbol><exchange><![CDATA[TSX]]></exchange><exLgName><![CDATA[Toronto Stock Exchange]]></exLgName><exShName><![CDATA[TSX]]></exShName><marketplace><![CDATA[TSXC]]></marketplace></key><equityinfo><longname><![CDATA[QuantShares Enhanced Core Emerging Markets Equity ETF]]></longname><shortname><![CDATA[QEM:CC]]></shortname></equityinfo><eoddata date="2017-04-24"><open>27.13</open><high>27.165</high><low>27.13</low><close>27.165</close><vwap>27.165</vwap><change>0.715</change><changepercent>2.7032</changepercent><sharevolume>289162</sharevolume><totalvalue>7855074.67</totalvalue><totaltrades>4</totaltrades><bid>27.07</bid><ask>27.17</ask><bidsize>20000</bidsize><asksize>680000</asksize></eoddata></history></results>