<?xml version="1.0" encoding="ISO-8859-1"?><!DOCTYPE results SYSTEM "http://app.quotemedia.com/data/dtds/history.dtd"><results><copyright>Copyright (c) 2017 QuoteMedia, Inc.</copyright><symbolcount>1</symbolcount><history symbolstring="QEM:CC" start="2017-08-15" end="2017-08-15" adjusted="true" unadjusted="false"><key><symbol><![CDATA[QEM:CC]]></symbol><exchange><![CDATA[TSX]]></exchange><exLgName><![CDATA[Toronto Stock Exchange]]></exLgName><exShName><![CDATA[TSX]]></exShName><marketplace><![CDATA[TSXC]]></marketplace></key><equityinfo><longname><![CDATA[QuantShares Enhanced Core Emerging Markets Equity ETF]]></longname><shortname><![CDATA[QEM:CC]]></shortname></equityinfo><eoddata date="2017-08-15"><open>27.37</open><high>27.42</high><low>27.37</low><close>27.39</close><vwap>27.404</vwap><change>0.03</change><changepercent>0.109649</changepercent><sharevolume>566</sharevolume><totalvalue>15509.11</totalvalue><totaltrades>6</totaltrades><bid>27.31</bid><ask>27.40</ask><bidsize>10000</bidsize><asksize>670000</asksize></eoddata></history></results>