<?xml version="1.0" encoding="ISO-8859-1"?><!DOCTYPE results SYSTEM "http://app.quotemedia.com/data/dtds/history.dtd"><results><copyright>Copyright (c) 2017 QuoteMedia, Inc.</copyright><symbolcount>1</symbolcount><history symbolstring="QEM:CC" start="2017-03-02" end="2017-03-02" adjusted="true" unadjusted="false"><key><symbol><![CDATA[QEM:CC]]></symbol><exchange><![CDATA[TSX]]></exchange><exLgName><![CDATA[Toronto Stock Exchange]]></exLgName><exShName><![CDATA[TSX]]></exShName><marketplace><![CDATA[TSXC]]></marketplace></key><equityinfo><longname><![CDATA[QuantShares Enhanced Core Emerging Markets Equity ETF]]></longname><shortname><![CDATA[QEM:CC]]></shortname></equityinfo><eoddata date="2017-03-02"><open>25.85</open><high>25.85</high><low>25.78</low><close>25.78</close><vwap>25.7963</vwap><change>-0.08</change><changepercent>-0.309358</changepercent><sharevolume>6266</sharevolume><totalvalue>161647.22</totalvalue><totaltrades>32</totaltrades><bid>25.74</bid><ask>25.78</ask><bidsize>10000</bidsize><asksize>250000</asksize></eoddata></history></results>