<?xml version="1.0" encoding="ISO-8859-1"?><!DOCTYPE results SYSTEM "http://app.quotemedia.com/data/dtds/history.dtd"><results><copyright>Copyright (c) 2017 QuoteMedia, Inc.</copyright><symbolcount>1</symbolcount><history symbolstring="QEM:CC" start="2017-02-27" end="2017-02-27" adjusted="true" unadjusted="false"><key><symbol><![CDATA[QEM:CC]]></symbol><exchange><![CDATA[TSX]]></exchange><exLgName><![CDATA[Toronto Stock Exchange]]></exLgName><exShName><![CDATA[TSX]]></exShName><marketplace><![CDATA[TSXC]]></marketplace></key><equityinfo><longname><![CDATA[QuantShares Enhanced Core Emerging Markets Equity ETF]]></longname><shortname><![CDATA[QEM:CC]]></shortname></equityinfo><eoddata date="2017-02-27"><open>25.44</open><high>25.44</high><low>25.44</low><close>25.44</close><vwap>25.44</vwap><change>-0.06</change><changepercent>-0.235294</changepercent><sharevolume>60</sharevolume><totalvalue>1528.8</totalvalue><totaltrades>2</totaltrades><bid>25.44</bid><ask>25.53</ask><bidsize>20000</bidsize><asksize>700000</asksize></eoddata></history></results>