<?xml version="1.0" encoding="ISO-8859-1"?><!DOCTYPE results SYSTEM "http://app.quotemedia.com/data/dtds/history.dtd"><results><copyright>Copyright (c) 2017 QuoteMedia, Inc.</copyright><symbolcount>1</symbolcount><history symbolstring="QEM:CC" start="2017-07-13" end="2017-07-13" adjusted="true" unadjusted="false"><key><symbol><![CDATA[QEM:CC]]></symbol><exchange><![CDATA[TSX]]></exchange><exLgName><![CDATA[Toronto Stock Exchange]]></exLgName><exShName><![CDATA[TSX]]></exShName><marketplace><![CDATA[TSXC]]></marketplace></key><equityinfo><longname><![CDATA[QuantShares Enhanced Core Emerging Markets Equity ETF]]></longname><shortname><![CDATA[QEM:CC]]></shortname></equityinfo><eoddata date="2017-07-13"><open>27.19</open><high>27.19</high><low>27.19</low><close>27.19</close><vwap>27.19</vwap><change>0.02</change><changepercent>0.073611</changepercent><sharevolume>640</sharevolume><totalvalue>17401.6</totalvalue><totaltrades>2</totaltrades><bid>27.13</bid><ask>27.15</ask><bidsize>10000</bidsize><asksize>660000</asksize></eoddata></history></results>