<?xml version="1.0" encoding="ISO-8859-1"?><!DOCTYPE results SYSTEM "http://app.quotemedia.com/data/dtds/history.dtd"><results><copyright>Copyright (c) 2017 QuoteMedia, Inc.</copyright><symbolcount>1</symbolcount><history symbolstring="QEM:CC" start="2017-08-09" end="2017-08-09" adjusted="true" unadjusted="false"><key><symbol><![CDATA[QEM:CC]]></symbol><exchange><![CDATA[TSX]]></exchange><exLgName><![CDATA[Toronto Stock Exchange]]></exLgName><exShName><![CDATA[TSX]]></exShName><marketplace><![CDATA[TSXC]]></marketplace></key><equityinfo><longname><![CDATA[QuantShares Enhanced Core Emerging Markets Equity ETF]]></longname><shortname><![CDATA[QEM:CC]]></shortname></equityinfo><eoddata date="2017-08-09"><open>27.64</open><high>27.70</high><low>27.61</low><close>27.70</close><vwap>27.627</vwap><change>-0.20</change><changepercent>-0.716846</changepercent><sharevolume>14034</sharevolume><totalvalue>387725.2</totalvalue><totaltrades>38</totaltrades><bid>27.66</bid><ask>27.79</ask><bidsize>10000</bidsize><asksize>700000</asksize></eoddata></history></results>