<?xml version="1.0" encoding="ISO-8859-1"?><!DOCTYPE results SYSTEM "http://app.quotemedia.com/data/dtds/history.dtd"><results><copyright>Copyright (c) 2017 QuoteMedia, Inc.</copyright><symbolcount>1</symbolcount><history symbolstring="QEM:CC" start="2017-06-29" end="2017-06-29" adjusted="true" unadjusted="false"><key><symbol><![CDATA[QEM:CC]]></symbol><exchange><![CDATA[TSX]]></exchange><exLgName><![CDATA[Toronto Stock Exchange]]></exLgName><exShName><![CDATA[TSX]]></exShName><marketplace><![CDATA[TSXC]]></marketplace></key><equityinfo><longname><![CDATA[QuantShares Enhanced Core Emerging Markets Equity ETF]]></longname><shortname><![CDATA[QEM:CC]]></shortname></equityinfo><eoddata date="2017-06-29"><open>26.97</open><high>26.98</high><low>26.97</low><close>26.98</close><vwap>26.9733</vwap><change>-0.38</change><changepercent>-1.3889</changepercent><sharevolume>382</sharevolume><totalvalue>10306.98</totalvalue><totaltrades>4</totaltrades><bid>26.90</bid><ask>26.97</ask><bidsize>10000</bidsize><asksize>700000</asksize></eoddata></history></results>