<?xml version="1.0" encoding="ISO-8859-1"?><!DOCTYPE results SYSTEM "http://app.quotemedia.com/data/dtds/history.dtd"><results><copyright>Copyright (c) 2017 QuoteMedia, Inc.</copyright><symbolcount>1</symbolcount><history symbolstring="QEM:CC" start="2017-10-03" end="2017-10-03" adjusted="true" unadjusted="false"><key><symbol><![CDATA[QEM:CC]]></symbol><exchange><![CDATA[TSX]]></exchange><exLgName><![CDATA[Toronto Stock Exchange]]></exLgName><exShName><![CDATA[TSX]]></exShName><marketplace><![CDATA[TSXC]]></marketplace></key><equityinfo><longname><![CDATA[QuantShares Enhanced Core Emerging Markets Equity ETF]]></longname><shortname><![CDATA[QEM:CC]]></shortname></equityinfo><eoddata date="2017-10-03"><open>27.41</open><high>27.41</high><low>27.41</low><close>27.41</close><vwap>27.41</vwap><change>0.12</change><changepercent>0.439722</changepercent><sharevolume>1922</sharevolume><totalvalue>52682.02</totalvalue><totaltrades>3</totaltrades><bid>27.32</bid><ask>27.44</ask><bidsize>10000</bidsize><asksize>10000</asksize></eoddata></history></results>