<?xml version="1.0" encoding="ISO-8859-1"?><!DOCTYPE results SYSTEM "http://app.quotemedia.com/data/dtds/history.dtd"><results><copyright>Copyright (c) 2017 QuoteMedia, Inc.</copyright><symbolcount>1</symbolcount><history symbolstring="QEM:CC" start="2017-05-02" end="2017-05-02" adjusted="true" unadjusted="false"><key><symbol><![CDATA[QEM:CC]]></symbol><exchange><![CDATA[TSX]]></exchange><exLgName><![CDATA[Toronto Stock Exchange]]></exLgName><exShName><![CDATA[TSX]]></exShName><marketplace><![CDATA[TSXC]]></marketplace></key><equityinfo><longname><![CDATA[QuantShares Enhanced Core Emerging Markets Equity ETF]]></longname><shortname><![CDATA[QEM:CC]]></shortname></equityinfo><eoddata date="2017-05-02"><open>27.85</open><high>27.85</high><low>27.85</low><close>27.85</close><vwap>27.85</vwap><change>0.49</change><changepercent>1.7909</changepercent><sharevolume>170</sharevolume><totalvalue>4734.6</totalvalue><totaltrades>3</totaltrades><bid>27.75</bid><ask>27.83</ask><bidsize>10000</bidsize><asksize>690000</asksize></eoddata></history></results>