<?xml version="1.0" encoding="ISO-8859-1"?><!DOCTYPE results SYSTEM "http://app.quotemedia.com/data/dtds/history.dtd"><results><copyright>Copyright (c) 2017 QuoteMedia, Inc.</copyright><symbolcount>1</symbolcount><history symbolstring="QEM:CC" start="2017-09-01" end="2017-09-01" adjusted="true" unadjusted="false"><key><symbol><![CDATA[QEM:CC]]></symbol><exchange><![CDATA[TSX]]></exchange><exLgName><![CDATA[Toronto Stock Exchange]]></exLgName><exShName><![CDATA[TSX]]></exShName><marketplace><![CDATA[TSXC]]></marketplace></key><equityinfo><longname><![CDATA[QuantShares Enhanced Core Emerging Markets Equity ETF]]></longname><shortname><![CDATA[QEM:CC]]></shortname></equityinfo><eoddata date="2017-09-01"><open>27.35</open><high>27.35</high><low>27.32</low><close>27.32</close><vwap>27.33</vwap><change>-0.36</change><changepercent>-1.3006</changepercent><sharevolume>669</sharevolume><totalvalue>18296.15</totalvalue><totaltrades>4</totaltrades><bid>27.30</bid><ask>27.41</ask><bidsize>10000</bidsize><asksize>700000</asksize></eoddata></history></results>