<?xml version="1.0" encoding="ISO-8859-1"?><!DOCTYPE results SYSTEM "http://app.quotemedia.com/data/dtds/history.dtd"><results><copyright>Copyright (c) 2017 QuoteMedia, Inc.</copyright><symbolcount>1</symbolcount><history symbolstring="QEM:CC" start="2017-07-20" end="2017-07-20" adjusted="true" unadjusted="false"><key><symbol><![CDATA[QEM:CC]]></symbol><exchange><![CDATA[TSX]]></exchange><exLgName><![CDATA[Toronto Stock Exchange]]></exLgName><exShName><![CDATA[TSX]]></exShName><marketplace><![CDATA[TSXC]]></marketplace></key><equityinfo><longname><![CDATA[QuantShares Enhanced Core Emerging Markets Equity ETF]]></longname><shortname><![CDATA[QEM:CC]]></shortname></equityinfo><eoddata date="2017-07-20"><open>27.26</open><high>27.26</high><low>27.21</low><close>27.21</close><vwap>27.2153</vwap><change>0.15</change><changepercent>0.554324</changepercent><sharevolume>14430</sharevolume><totalvalue>392715.8</totalvalue><totaltrades>33</totaltrades><bid>27.18</bid><ask>27.28</ask><bidsize>10000</bidsize><asksize>700000</asksize></eoddata></history></results>