<?xml version="1.0" encoding="ISO-8859-1"?><!DOCTYPE results SYSTEM "http://app.quotemedia.com/data/dtds/history.dtd"><results><copyright>Copyright (c) 2017 QuoteMedia, Inc.</copyright><symbolcount>1</symbolcount><history symbolstring="QEM:CC" start="2017-03-09" end="2017-03-09" adjusted="true" unadjusted="false"><key><symbol><![CDATA[QEM:CC]]></symbol><exchange><![CDATA[TSX]]></exchange><exLgName><![CDATA[Toronto Stock Exchange]]></exLgName><exShName><![CDATA[TSX]]></exShName><marketplace><![CDATA[TSXC]]></marketplace></key><equityinfo><longname><![CDATA[QuantShares Enhanced Core Emerging Markets Equity ETF]]></longname><shortname><![CDATA[QEM:CC]]></shortname></equityinfo><eoddata date="2017-03-09"><open>25.98</open><high>25.98</high><low>25.87</low><close>25.87</close><vwap>25.8975</vwap><change>-0.20</change><changepercent>-0.767165</changepercent><sharevolume>1318</sharevolume><totalvalue>34143.04</totalvalue><totaltrades>5</totaltrades><bid>25.88</bid><ask>25.95</ask><bidsize>20000</bidsize><asksize>700000</asksize></eoddata></history></results>