<?xml version="1.0" encoding="ISO-8859-1"?><!DOCTYPE results SYSTEM "http://app.quotemedia.com/data/dtds/history.dtd"><results><copyright>Copyright (c) 2017 QuoteMedia, Inc.</copyright><symbolcount>1</symbolcount><history symbolstring="QEM:CC" start="2017-02-17" end="2017-02-17" adjusted="true" unadjusted="false"><key><symbol><![CDATA[QEM:CC]]></symbol><exchange><![CDATA[TSX]]></exchange><exLgName><![CDATA[Toronto Stock Exchange]]></exLgName><exShName><![CDATA[TSX]]></exShName><marketplace><![CDATA[TSXC]]></marketplace></key><equityinfo><longname><![CDATA[QuantShares Enhanced Core Emerging Markets Equity ETF]]></longname><shortname><![CDATA[QEM:CC]]></shortname></equityinfo><eoddata date="2017-02-17"><open>25.45</open><high>25.45</high><low>25.45</low><close>25.45</close><vwap>25.45</vwap><change>-0.01</change><changepercent>-0.039277</changepercent><sharevolume>99</sharevolume><totalvalue>2519.55</totalvalue><totaltrades>1</totaltrades><bid>25.38</bid><ask>25.46</ask><bidsize>10000</bidsize><asksize>700000</asksize></eoddata></history></results>