<?xml version="1.0" encoding="ISO-8859-1"?><!DOCTYPE results SYSTEM "http://app.quotemedia.com/data/dtds/history.dtd"><results><copyright>Copyright (c) 2017 QuoteMedia, Inc.</copyright><symbolcount>1</symbolcount><history symbolstring="QEM:CC" start="2017-03-24" end="2017-03-24" adjusted="true" unadjusted="false"><key><symbol><![CDATA[QEM:CC]]></symbol><exchange><![CDATA[TSX]]></exchange><exLgName><![CDATA[Toronto Stock Exchange]]></exLgName><exShName><![CDATA[TSX]]></exShName><marketplace><![CDATA[TSXC]]></marketplace></key><equityinfo><longname><![CDATA[QuantShares Enhanced Core Emerging Markets Equity ETF]]></longname><shortname><![CDATA[QEM:CC]]></shortname></equityinfo><eoddata date="2017-03-24"><open>26.60</open><high>26.60</high><low>26.60</low><close>26.60</close><vwap>26.60</vwap><change>-0.14</change><changepercent>-0.52356</changepercent><sharevolume>185</sharevolume><totalvalue>4921.3</totalvalue><totaltrades>4</totaltrades><bid>0.00</bid><ask>0.00</ask><bidsize>0</bidsize><asksize>0</asksize></eoddata></history></results>