<?xml version="1.0" encoding="ISO-8859-1"?><!DOCTYPE results SYSTEM "http://app.quotemedia.com/data/dtds/history.dtd"><results><copyright>Copyright (c) 2017 QuoteMedia, Inc.</copyright><symbolcount>1</symbolcount><history symbolstring="QEM:CC" start="2017-02-16" end="2017-02-16" adjusted="true" unadjusted="false"><key><symbol><![CDATA[QEM:CC]]></symbol><exchange><![CDATA[TSX]]></exchange><exLgName><![CDATA[Toronto Stock Exchange]]></exLgName><exShName><![CDATA[TSX]]></exShName><marketplace><![CDATA[TSXC]]></marketplace></key><equityinfo><longname><![CDATA[QuantShares Enhanced Core Emerging Markets Equity ETF]]></longname><shortname><![CDATA[QEM:CC]]></shortname></equityinfo><eoddata date="2017-02-16"><open>25.49</open><high>25.49</high><low>25.46</low><close>25.46</close><vwap>25.48</vwap><change>-0.09</change><changepercent>-0.35225</changepercent><sharevolume>310</sharevolume><totalvalue>7898.9</totalvalue><totaltrades>3</totaltrades><bid>25.41</bid><ask>25.50</ask><bidsize>20000</bidsize><asksize>650000</asksize></eoddata></history></results>