<?xml version="1.0" encoding="ISO-8859-1"?><!DOCTYPE results SYSTEM "http://app.quotemedia.com/data/dtds/history.dtd"><results><copyright>Copyright (c) 2017 QuoteMedia, Inc.</copyright><symbolcount>1</symbolcount><history symbolstring="QEM:CC" start="2017-05-23" end="2017-05-23" adjusted="true" unadjusted="false"><key><symbol><![CDATA[QEM:CC]]></symbol><exchange><![CDATA[TSX]]></exchange><exLgName><![CDATA[Toronto Stock Exchange]]></exLgName><exShName><![CDATA[TSX]]></exShName><marketplace><![CDATA[TSXC]]></marketplace></key><equityinfo><longname><![CDATA[QuantShares Enhanced Core Emerging Markets Equity ETF]]></longname><shortname><![CDATA[QEM:CC]]></shortname></equityinfo><eoddata date="2017-05-23"><open>27.97</open><high>27.97</high><low>27.97</low><close>27.97</close><vwap>27.97</vwap><change>0.15</change><changepercent>0.53918</changepercent><sharevolume>140</sharevolume><totalvalue>3917</totalvalue><totaltrades>2</totaltrades><bid>27.99</bid><ask>28.09</ask><bidsize>20000</bidsize><asksize>700000</asksize></eoddata></history></results>