<?xml version="1.0" encoding="ISO-8859-1"?><!DOCTYPE results SYSTEM "http://app.quotemedia.com/data/dtds/history.dtd"><results><copyright>Copyright (c) 2017 QuoteMedia, Inc.</copyright><symbolcount>1</symbolcount><history symbolstring="QEM:CC" start="2017-09-22" end="2017-09-22" adjusted="true" unadjusted="false"><key><symbol><![CDATA[QEM:CC]]></symbol><exchange><![CDATA[TSX]]></exchange><exLgName><![CDATA[Toronto Stock Exchange]]></exLgName><exShName><![CDATA[TSX]]></exShName><marketplace><![CDATA[TSXC]]></marketplace></key><equityinfo><longname><![CDATA[QuantShares Enhanced Core Emerging Markets Equity ETF]]></longname><shortname><![CDATA[QEM:CC]]></shortname></equityinfo><eoddata date="2017-09-22"><open>27.26</open><high>27.26</high><low>27.26</low><close>27.26</close><vwap>27.26</vwap><change>-0.10</change><changepercent>-0.365497</changepercent><sharevolume>319</sharevolume><totalvalue>8695.94</totalvalue><totaltrades>2</totaltrades><bid>27.18</bid><ask>27.30</ask><bidsize>10000</bidsize><asksize>10000</asksize></eoddata></history></results>