<?xml version="1.0" encoding="ISO-8859-1"?><!DOCTYPE results SYSTEM "http://app.quotemedia.com/data/dtds/history.dtd"><results><copyright>Copyright (c) 2017 QuoteMedia, Inc.</copyright><symbolcount>1</symbolcount><history symbolstring="QEM:CC" start="2017-10-02" end="2017-10-02" adjusted="true" unadjusted="false"><key><symbol><![CDATA[QEM:CC]]></symbol><exchange><![CDATA[TSX]]></exchange><exLgName><![CDATA[Toronto Stock Exchange]]></exLgName><exShName><![CDATA[TSX]]></exShName><marketplace><![CDATA[TSXC]]></marketplace></key><equityinfo><longname><![CDATA[QuantShares Enhanced Core Emerging Markets Equity ETF]]></longname><shortname><![CDATA[QEM:CC]]></shortname></equityinfo><eoddata date="2017-10-02"><open>27.29</open><high>27.29</high><low>27.29</low><close>27.29</close><vwap>27.29</vwap><change>0.14</change><changepercent>0.515654</changepercent><sharevolume>1527</sharevolume><totalvalue>41671.83</totalvalue><totaltrades>2</totaltrades><bid>27.22</bid><ask>27.34</ask><bidsize>710000</bidsize><asksize>10000</asksize></eoddata></history></results>