<?xml version="1.0" encoding="ISO-8859-1"?><!DOCTYPE results SYSTEM "http://app.quotemedia.com/data/dtds/history.dtd"><results><copyright>Copyright (c) 2017 QuoteMedia, Inc.</copyright><symbolcount>1</symbolcount><history symbolstring="QEM:CC" start="2017-02-06" end="2017-02-06" adjusted="true" unadjusted="false"><key><symbol><![CDATA[QEM:CC]]></symbol><exchange><![CDATA[TSX]]></exchange><exLgName><![CDATA[Toronto Stock Exchange]]></exLgName><exShName><![CDATA[TSX]]></exShName><marketplace><![CDATA[TSXC]]></marketplace></key><equityinfo><longname><![CDATA[QuantShares Enhanced Core Emerging Markets Equity ETF]]></longname><shortname><![CDATA[QEM:CC]]></shortname></equityinfo><eoddata date="2017-02-06"><open>25.16</open><high>25.18</high><low>25.16</low><close>25.18</close><vwap>25.1679</vwap><change>0.21</change><changepercent>0.841009</changepercent><sharevolume>76</sharevolume><totalvalue>1912.76</totalvalue><totaltrades>3</totaltrades><bid>25.03</bid><ask>25.13</ask><bidsize>30000</bidsize><asksize>700000</asksize></eoddata></history></results>