<?xml version="1.0" encoding="ISO-8859-1"?><!DOCTYPE results SYSTEM "http://app.quotemedia.com/data/dtds/history.dtd"><results><copyright>Copyright (c) 2017 QuoteMedia, Inc.</copyright><symbolcount>1</symbolcount><history symbolstring="QEM:CC" start="2017-07-21" end="2017-07-21" adjusted="true" unadjusted="false"><key><symbol><![CDATA[QEM:CC]]></symbol><exchange><![CDATA[TSX]]></exchange><exLgName><![CDATA[Toronto Stock Exchange]]></exLgName><exShName><![CDATA[TSX]]></exShName><marketplace><![CDATA[TSXC]]></marketplace></key><equityinfo><longname><![CDATA[QuantShares Enhanced Core Emerging Markets Equity ETF]]></longname><shortname><![CDATA[QEM:CC]]></shortname></equityinfo><eoddata date="2017-07-21"><open>27.17</open><high>27.17</high><low>27.17</low><close>27.17</close><vwap>27.17</vwap><change>-0.04</change><changepercent>-0.147005</changepercent><sharevolume>1500</sharevolume><totalvalue>40755</totalvalue><totaltrades>8</totaltrades><bid>27.12</bid><ask>27.20</ask><bidsize>10000</bidsize><asksize>700000</asksize></eoddata></history></results>