<?xml version="1.0" encoding="ISO-8859-1"?><!DOCTYPE results SYSTEM "http://app.quotemedia.com/data/dtds/history.dtd"><results><copyright>Copyright (c) 2017 QuoteMedia, Inc.</copyright><symbolcount>1</symbolcount><history symbolstring="QEM:CC" start="2017-06-28" end="2017-06-28" adjusted="true" unadjusted="false"><key><symbol><![CDATA[QEM:CC]]></symbol><exchange><![CDATA[TSX]]></exchange><exLgName><![CDATA[Toronto Stock Exchange]]></exLgName><exShName><![CDATA[TSX]]></exShName><marketplace><![CDATA[TSXC]]></marketplace></key><equityinfo><longname><![CDATA[QuantShares Enhanced Core Emerging Markets Equity ETF]]></longname><shortname><![CDATA[QEM:CC]]></shortname></equityinfo><eoddata date="2017-06-28"><open>27.36</open><high>27.36</high><low>27.36</low><close>27.36</close><vwap>27.36</vwap><change>-0.08</change><changepercent>-0.291545</changepercent><sharevolume>289</sharevolume><totalvalue>7907.23</totalvalue><totaltrades>4</totaltrades><bid>27.30</bid><ask>27.37</ask><bidsize>10000</bidsize><asksize>690000</asksize></eoddata></history></results>