<?xml version="1.0" encoding="ISO-8859-1"?><!DOCTYPE results SYSTEM "http://app.quotemedia.com/data/dtds/history.dtd"><results><copyright>Copyright (c) 2017 QuoteMedia, Inc.</copyright><symbolcount>1</symbolcount><history symbolstring="QEM:CC" start="2017-09-18" end="2017-09-18" adjusted="true" unadjusted="false"><key><symbol><![CDATA[QEM:CC]]></symbol><exchange><![CDATA[TSX]]></exchange><exLgName><![CDATA[Toronto Stock Exchange]]></exLgName><exShName><![CDATA[TSX]]></exShName><marketplace><![CDATA[TSXC]]></marketplace></key><equityinfo><longname><![CDATA[QuantShares Enhanced Core Emerging Markets Equity ETF]]></longname><shortname><![CDATA[QEM:CC]]></shortname></equityinfo><eoddata date="2017-09-18"><open>27.25</open><high>27.29</high><low>27.21</low><close>27.28</close><vwap>27.2679</vwap><change>0.21</change><changepercent>0.775766</changepercent><sharevolume>5659</sharevolume><totalvalue>154306.79</totalvalue><totaltrades>32</totaltrades><bid>27.34</bid><ask>27.46</ask><bidsize>700000</bidsize><asksize>10000</asksize></eoddata></history></results>