<?xml version="1.0" encoding="ISO-8859-1"?><!DOCTYPE results SYSTEM "http://app.quotemedia.com/data/dtds/history.dtd"><results><copyright>Copyright (c) 2017 QuoteMedia, Inc.</copyright><symbolcount>1</symbolcount><history symbolstring="QEM:CC" start="2017-04-25" end="2017-04-25" adjusted="true" unadjusted="false"><key><symbol><![CDATA[QEM:CC]]></symbol><exchange><![CDATA[TSX]]></exchange><exLgName><![CDATA[Toronto Stock Exchange]]></exLgName><exShName><![CDATA[TSX]]></exShName><marketplace><![CDATA[TSXC]]></marketplace></key><equityinfo><longname><![CDATA[QuantShares Enhanced Core Emerging Markets Equity ETF]]></longname><shortname><![CDATA[QEM:CC]]></shortname></equityinfo><eoddata date="2017-04-25"><open>27.52</open><high>27.54</high><low>27.52</low><close>27.54</close><vwap>27.5212</vwap><change>0.375</change><changepercent>1.3805</changepercent><sharevolume>4407</sharevolume><totalvalue>121285.74</totalvalue><totaltrades>3</totaltrades><bid>27.45</bid><ask>27.52</ask><bidsize>20000</bidsize><asksize>700000</asksize></eoddata></history></results>