<?xml version="1.0" encoding="ISO-8859-1"?><!DOCTYPE results SYSTEM "http://app.quotemedia.com/data/dtds/history.dtd"><results><copyright>Copyright (c) 2017 QuoteMedia, Inc.</copyright><symbolcount>1</symbolcount><history symbolstring="QEM:CC" start="2017-08-30" end="2017-08-30" adjusted="true" unadjusted="false"><key><symbol><![CDATA[QEM:CC]]></symbol><exchange><![CDATA[TSX]]></exchange><exLgName><![CDATA[Toronto Stock Exchange]]></exLgName><exShName><![CDATA[TSX]]></exShName><marketplace><![CDATA[TSXC]]></marketplace></key><equityinfo><longname><![CDATA[QuantShares Enhanced Core Emerging Markets Equity ETF]]></longname><shortname><![CDATA[QEM:CC]]></shortname></equityinfo><eoddata date="2017-08-30"><open>27.55</open><high>27.69</high><low>27.50</low><close>27.68</close><vwap>27.5206</vwap><change>0.26</change><changepercent>0.948213</changepercent><sharevolume>27657</sharevolume><totalvalue>761161.77</totalvalue><totaltrades>56</totaltrades><bid>27.64</bid><ask>27.78</ask><bidsize>330000</bidsize><asksize>710000</asksize></eoddata></history></results>