<?xml version="1.0" encoding="ISO-8859-1"?><!DOCTYPE results SYSTEM "http://app.quotemedia.com/data/dtds/history.dtd"><results><copyright>Copyright (c) 2017 QuoteMedia, Inc.</copyright><symbolcount>1</symbolcount><history symbolstring="QEM:CC" start="2017-09-27" end="2017-09-27" adjusted="true" unadjusted="false"><key><symbol><![CDATA[QEM:CC]]></symbol><exchange><![CDATA[TSX]]></exchange><exLgName><![CDATA[Toronto Stock Exchange]]></exLgName><exShName><![CDATA[TSX]]></exShName><marketplace><![CDATA[TSXC]]></marketplace></key><equityinfo><longname><![CDATA[QuantShares Enhanced Core Emerging Markets Equity ETF]]></longname><shortname><![CDATA[QEM:CC]]></shortname></equityinfo><eoddata date="2017-09-27"><open>26.80</open><high>26.85</high><low>26.80</low><close>26.85</close><vwap>26.8365</vwap><change>-0.02</change><changepercent>-0.074432</changepercent><sharevolume>2600</sharevolume><totalvalue>69775</totalvalue><totaltrades>14</totaltrades><bid>26.95</bid><ask>27.16</ask><bidsize>10000</bidsize><asksize>1500000</asksize></eoddata></history></results>