<?xml version="1.0" encoding="ISO-8859-1"?><!DOCTYPE results SYSTEM "http://app.quotemedia.com/data/dtds/history.dtd"><results><copyright>Copyright (c) 2017 QuoteMedia, Inc.</copyright><symbolcount>1</symbolcount><history symbolstring="QEM:CC" start="2017-07-17" end="2017-07-17" adjusted="true" unadjusted="false"><key><symbol><![CDATA[QEM:CC]]></symbol><exchange><![CDATA[TSX]]></exchange><exLgName><![CDATA[Toronto Stock Exchange]]></exLgName><exShName><![CDATA[TSX]]></exShName><marketplace><![CDATA[TSXC]]></marketplace></key><equityinfo><longname><![CDATA[QuantShares Enhanced Core Emerging Markets Equity ETF]]></longname><shortname><![CDATA[QEM:CC]]></shortname></equityinfo><eoddata date="2017-07-17"><open>27.13</open><high>27.13</high><low>27.09</low><close>27.09</close><vwap>27.098</vwap><change>-0.10</change><changepercent>-0.367782</changepercent><sharevolume>21300</sharevolume><totalvalue>577187</totalvalue><totaltrades>41</totaltrades><bid>27.13</bid><ask>27.19</ask><bidsize>50000</bidsize><asksize>700000</asksize></eoddata></history></results>