<?xml version="1.0" encoding="ISO-8859-1"?><!DOCTYPE results SYSTEM "http://app.quotemedia.com/data/dtds/history.dtd"><results><copyright>Copyright (c) 2017 QuoteMedia, Inc.</copyright><symbolcount>1</symbolcount><history symbolstring="QEM:CC" start="2017-06-21" end="2017-06-21" adjusted="true" unadjusted="false"><key><symbol><![CDATA[QEM:CC]]></symbol><exchange><![CDATA[TSX]]></exchange><exLgName><![CDATA[Toronto Stock Exchange]]></exLgName><exShName><![CDATA[TSX]]></exShName><marketplace><![CDATA[TSXC]]></marketplace></key><equityinfo><longname><![CDATA[QuantShares Enhanced Core Emerging Markets Equity ETF]]></longname><shortname><![CDATA[QEM:CC]]></shortname></equityinfo><eoddata date="2017-06-21"><open>27.69</open><high>27.69</high><low>27.69</low><close>27.69</close><vwap>27.69</vwap><change>0.27</change><changepercent>0.984683</changepercent><sharevolume>282</sharevolume><totalvalue>7805.11</totalvalue><totaltrades>3</totaltrades><bid>27.59</bid><ask>27.66</ask><bidsize>20000</bidsize><asksize>690000</asksize></eoddata></history></results>