<?xml version="1.0" encoding="ISO-8859-1"?><!DOCTYPE results SYSTEM "http://app.quotemedia.com/data/dtds/history.dtd"><results><copyright>Copyright (c) 2017 QuoteMedia, Inc.</copyright><symbolcount>1</symbolcount><history symbolstring="QEM:CC" start="2017-10-06" end="2017-10-06" adjusted="true" unadjusted="false"><key><symbol><![CDATA[QEM:CC]]></symbol><exchange><![CDATA[TSX]]></exchange><exLgName><![CDATA[Toronto Stock Exchange]]></exLgName><exShName><![CDATA[TSX]]></exShName><marketplace><![CDATA[TSXC]]></marketplace></key><equityinfo><longname><![CDATA[QuantShares Enhanced Core Emerging Markets Equity ETF]]></longname><shortname><![CDATA[QEM:CC]]></shortname></equityinfo><eoddata date="2017-10-06"><open>27.62</open><high>27.64</high><low>27.57</low><close>27.64</close><vwap>27.5824</vwap><change>-0.09</change><changepercent>-0.324558</changepercent><sharevolume>26552</sharevolume><totalvalue>732370.28</totalvalue><totaltrades>29</totaltrades><bid>27.56</bid><ask>27.68</ask><bidsize>230000</bidsize><asksize>10000</asksize></eoddata></history></results>