<?xml version="1.0" encoding="ISO-8859-1"?><!DOCTYPE results SYSTEM "http://app.quotemedia.com/data/dtds/history.dtd"><results><copyright>Copyright (c) 2017 QuoteMedia, Inc.</copyright><symbolcount>1</symbolcount><history symbolstring="QEM:CC" start="2017-08-14" end="2017-08-14" adjusted="true" unadjusted="false"><key><symbol><![CDATA[QEM:CC]]></symbol><exchange><![CDATA[TSX]]></exchange><exLgName><![CDATA[Toronto Stock Exchange]]></exLgName><exShName><![CDATA[TSX]]></exShName><marketplace><![CDATA[TSXC]]></marketplace></key><equityinfo><longname><![CDATA[QuantShares Enhanced Core Emerging Markets Equity ETF]]></longname><shortname><![CDATA[QEM:CC]]></shortname></equityinfo><eoddata date="2017-08-14"><open>27.28</open><high>27.36</high><low>27.28</low><close>27.36</close><vwap>27.3371</vwap><change>0.09</change><changepercent>0.330033</changepercent><sharevolume>817</sharevolume><totalvalue>22337.12</totalvalue><totaltrades>8</totaltrades><bid>27.34</bid><ask>27.40</ask><bidsize>10000</bidsize><asksize>10000</asksize></eoddata></history></results>