<?xml version="1.0" encoding="ISO-8859-1"?><!DOCTYPE results SYSTEM "http://app.quotemedia.com/data/dtds/history.dtd"><results><copyright>Copyright (c) 2017 QuoteMedia, Inc.</copyright><symbolcount>1</symbolcount><history symbolstring="QEM:CC" start="2017-02-15" end="2017-02-15" adjusted="true" unadjusted="false"><key><symbol><![CDATA[QEM:CC]]></symbol><exchange><![CDATA[TSX]]></exchange><exLgName><![CDATA[Toronto Stock Exchange]]></exLgName><exShName><![CDATA[TSX]]></exShName><marketplace><![CDATA[TSXC]]></marketplace></key><equityinfo><longname><![CDATA[QuantShares Enhanced Core Emerging Markets Equity ETF]]></longname><shortname><![CDATA[QEM:CC]]></shortname></equityinfo><eoddata date="2017-02-15"><open>25.50</open><high>25.55</high><low>25.50</low><close>25.55</close><vwap>25.5256</vwap><change>0.16</change><changepercent>0.630169</changepercent><sharevolume>195</sharevolume><totalvalue>4977.5</totalvalue><totaltrades>2</totaltrades><bid>25.44</bid><ask>25.52</ask><bidsize>10000</bidsize><asksize>690000</asksize></eoddata></history></results>