<?xml version="1.0" encoding="ISO-8859-1"?><!DOCTYPE results SYSTEM "http://app.quotemedia.com/data/dtds/history.dtd"><results><copyright>Copyright (c) 2017 QuoteMedia, Inc.</copyright><symbolcount>1</symbolcount><history symbolstring="QEM:CC" start="2017-09-28" end="2017-09-28" adjusted="true" unadjusted="false"><key><symbol><![CDATA[QEM:CC]]></symbol><exchange><![CDATA[TSX]]></exchange><exLgName><![CDATA[Toronto Stock Exchange]]></exLgName><exShName><![CDATA[TSX]]></exShName><marketplace><![CDATA[TSXC]]></marketplace></key><equityinfo><longname><![CDATA[QuantShares Enhanced Core Emerging Markets Equity ETF]]></longname><shortname><![CDATA[QEM:CC]]></shortname></equityinfo><eoddata date="2017-09-28"><open>26.94</open><high>26.94</high><low>26.94</low><close>26.94</close><vwap>26.94</vwap><change>0.09</change><changepercent>0.335196</changepercent><sharevolume>1456</sharevolume><totalvalue>39224.64</totalvalue><totaltrades>2</totaltrades><bid>26.85</bid><ask>26.96</ask><bidsize>10000</bidsize><asksize>10000</asksize></eoddata></history></results>