<?xml version="1.0" encoding="ISO-8859-1"?><!DOCTYPE results SYSTEM "http://app.quotemedia.com/data/dtds/history.dtd"><results><copyright>Copyright (c) 2017 QuoteMedia, Inc.</copyright><symbolcount>1</symbolcount><history symbolstring="QEM:CC" start="2017-03-16" end="2017-03-16" adjusted="true" unadjusted="false"><key><symbol><![CDATA[QEM:CC]]></symbol><exchange><![CDATA[TSX]]></exchange><exLgName><![CDATA[Toronto Stock Exchange]]></exLgName><exShName><![CDATA[TSX]]></exShName><marketplace><![CDATA[TSXC]]></marketplace></key><equityinfo><longname><![CDATA[QuantShares Enhanced Core Emerging Markets Equity ETF]]></longname><shortname><![CDATA[QEM:CC]]></shortname></equityinfo><eoddata date="2017-03-16"><open>26.42</open><high>26.42</high><low>26.42</low><close>26.42</close><vwap>26.42</vwap><change>0.15</change><changepercent>0.570994</changepercent><sharevolume>30</sharevolume><totalvalue>792.6</totalvalue><totaltrades>1</totaltrades><bid>26.34</bid><ask>26.45</ask><bidsize>20000</bidsize><asksize>700000</asksize></eoddata></history></results>