<?xml version="1.0" encoding="ISO-8859-1"?><!DOCTYPE results SYSTEM "http://app.quotemedia.com/data/dtds/history.dtd"><results><copyright>Copyright (c) 2017 QuoteMedia, Inc.</copyright><symbolcount>1</symbolcount><history symbolstring="QEM:CC" start="2017-05-15" end="2017-05-15" adjusted="true" unadjusted="false"><key><symbol><![CDATA[QEM:CC]]></symbol><exchange><![CDATA[TSX]]></exchange><exLgName><![CDATA[Toronto Stock Exchange]]></exLgName><exShName><![CDATA[TSX]]></exShName><marketplace><![CDATA[TSXC]]></marketplace></key><equityinfo><longname><![CDATA[QuantShares Enhanced Core Emerging Markets Equity ETF]]></longname><shortname><![CDATA[QEM:CC]]></shortname></equityinfo><eoddata date="2017-05-15"><open>28.38</open><high>28.38</high><low>28.38</low><close>28.38</close><vwap>28.38</vwap><change>0.21</change><changepercent>0.745474</changepercent><sharevolume>525</sharevolume><totalvalue>14899.5</totalvalue><totaltrades>2</totaltrades><bid>28.29</bid><ask>28.39</ask><bidsize>20000</bidsize><asksize>670000</asksize></eoddata></history></results>