<?xml version="1.0" encoding="ISO-8859-1"?><!DOCTYPE results SYSTEM "http://app.quotemedia.com/data/dtds/history.dtd"><results><copyright>Copyright (c) 2017 QuoteMedia, Inc.</copyright><symbolcount>1</symbolcount><history symbolstring="QEM:CC" start="2017-04-04" end="2017-04-04" adjusted="true" unadjusted="false"><key><symbol><![CDATA[QEM:CC]]></symbol><exchange><![CDATA[TSX]]></exchange><exLgName><![CDATA[Toronto Stock Exchange]]></exLgName><exShName><![CDATA[TSX]]></exShName><marketplace><![CDATA[TSXC]]></marketplace></key><equityinfo><longname><![CDATA[QuantShares Enhanced Core Emerging Markets Equity ETF]]></longname><shortname><![CDATA[QEM:CC]]></shortname></equityinfo><eoddata date="2017-04-04"><open>26.74</open><high>26.74</high><low>26.66</low><close>26.74</close><vwap>26.724</vwap><change>26.74</change><changepercent>0.00</changepercent><sharevolume>1029</sharevolume><totalvalue>27497.14</totalvalue><totaltrades>9</totaltrades><bid>26.64</bid><ask>26.73</ask><bidsize>20000</bidsize><asksize>660000</asksize></eoddata></history></results>