<?xml version="1.0" encoding="ISO-8859-1"?><!DOCTYPE results SYSTEM "http://app.quotemedia.com/data/dtds/history.dtd"><results><copyright>Copyright (c) 2017 QuoteMedia, Inc.</copyright><symbolcount>1</symbolcount><history symbolstring="QEM:CC" start="2017-10-11" end="2017-10-11" adjusted="true" unadjusted="false"><key><symbol><![CDATA[QEM:CC]]></symbol><exchange><![CDATA[TSX]]></exchange><exLgName><![CDATA[Toronto Stock Exchange]]></exLgName><exShName><![CDATA[TSX]]></exShName><marketplace><![CDATA[TSXC]]></marketplace></key><equityinfo><longname><![CDATA[QuantShares Enhanced Core Emerging Markets Equity ETF]]></longname><shortname><![CDATA[QEM:CC]]></shortname></equityinfo><eoddata date="2017-10-11"><open>27.78</open><high>27.83</high><low>27.78</low><close>27.83</close><vwap>27.8133</vwap><change>0.05</change><changepercent>0.179986</changepercent><sharevolume>350</sharevolume><totalvalue>9735.25</totalvalue><totaltrades>4</totaltrades><bid>27.71</bid><ask>27.79</ask><bidsize>30000</bidsize><asksize>10000</asksize></eoddata></history></results>