<?xml version="1.0" encoding="ISO-8859-1"?><!DOCTYPE results SYSTEM "http://app.quotemedia.com/data/dtds/history.dtd"><results><copyright>Copyright (c) 2017 QuoteMedia, Inc.</copyright><symbolcount>1</symbolcount><history symbolstring="QEM:CC" start="2017-02-21" end="2017-02-21" adjusted="true" unadjusted="false"><key><symbol><![CDATA[QEM:CC]]></symbol><exchange><![CDATA[TSX]]></exchange><exLgName><![CDATA[Toronto Stock Exchange]]></exLgName><exShName><![CDATA[TSX]]></exShName><marketplace><![CDATA[TSXC]]></marketplace></key><equityinfo><longname><![CDATA[QuantShares Enhanced Core Emerging Markets Equity ETF]]></longname><shortname><![CDATA[QEM:CC]]></shortname></equityinfo><eoddata date="2017-02-21"><open>25.59</open><high>25.61</high><low>25.57</low><close>25.61</close><vwap>25.592</vwap><change>0.16</change><changepercent>0.628684</changepercent><sharevolume>345</sharevolume><totalvalue>8830.95</totalvalue><totaltrades>5</totaltrades><bid>25.51</bid><ask>25.61</ask><bidsize>20000</bidsize><asksize>680000</asksize></eoddata></history></results>