<?xml version="1.0" encoding="ISO-8859-1"?><!DOCTYPE results SYSTEM "http://app.quotemedia.com/data/dtds/history.dtd"><results><copyright>Copyright (c) 2017 QuoteMedia, Inc.</copyright><symbolcount>1</symbolcount><history symbolstring="QEM:CC" start="2017-05-03" end="2017-05-03" adjusted="true" unadjusted="false"><key><symbol><![CDATA[QEM:CC]]></symbol><exchange><![CDATA[TSX]]></exchange><exLgName><![CDATA[Toronto Stock Exchange]]></exLgName><exShName><![CDATA[TSX]]></exShName><marketplace><![CDATA[TSXC]]></marketplace></key><equityinfo><longname><![CDATA[QuantShares Enhanced Core Emerging Markets Equity ETF]]></longname><shortname><![CDATA[QEM:CC]]></shortname></equityinfo><eoddata date="2017-05-03"><open>27.71</open><high>27.71</high><low>27.71</low><close>27.71</close><vwap>27.71</vwap><change>-0.14</change><changepercent>-0.502693</changepercent><sharevolume>142</sharevolume><totalvalue>3934.78</totalvalue><totaltrades>7</totaltrades><bid>27.71</bid><ask>27.81</ask><bidsize>20000</bidsize><asksize>700000</asksize></eoddata></history></results>