<?xml version="1.0" encoding="ISO-8859-1"?><!DOCTYPE results SYSTEM "http://app.quotemedia.com/data/dtds/history.dtd"><results><copyright>Copyright (c) 2017 QuoteMedia, Inc.</copyright><symbolcount>1</symbolcount><history symbolstring="QEM:CC" start="2017-06-07" end="2017-06-07" adjusted="true" unadjusted="false"><key><symbol><![CDATA[QEM:CC]]></symbol><exchange><![CDATA[TSX]]></exchange><exLgName><![CDATA[Toronto Stock Exchange]]></exLgName><exShName><![CDATA[TSX]]></exShName><marketplace><![CDATA[TSXC]]></marketplace></key><equityinfo><longname><![CDATA[QuantShares Enhanced Core Emerging Markets Equity ETF]]></longname><shortname><![CDATA[QEM:CC]]></shortname></equityinfo><eoddata date="2017-06-07"><open>28.48</open><high>28.48</high><low>28.46</low><close>28.46</close><vwap>28.4688</vwap><change>0.09</change><changepercent>0.317237</changepercent><sharevolume>1681</sharevolume><totalvalue>47849.9</totalvalue><totaltrades>7</totaltrades><bid>28.45</bid><ask>28.53</ask><bidsize>20000</bidsize><asksize>700000</asksize></eoddata></history></results>