<?xml version="1.0" encoding="ISO-8859-1"?><!DOCTYPE results SYSTEM "http://app.quotemedia.com/data/dtds/history.dtd"><results><copyright>Copyright (c) 2017 QuoteMedia, Inc.</copyright><symbolcount>1</symbolcount><history symbolstring="QEM:CC" start="2017-02-24" end="2017-02-24" adjusted="true" unadjusted="false"><key><symbol><![CDATA[QEM:CC]]></symbol><exchange><![CDATA[TSX]]></exchange><exLgName><![CDATA[Toronto Stock Exchange]]></exLgName><exShName><![CDATA[TSX]]></exShName><marketplace><![CDATA[TSXC]]></marketplace></key><equityinfo><longname><![CDATA[QuantShares Enhanced Core Emerging Markets Equity ETF]]></longname><shortname><![CDATA[QEM:CC]]></shortname></equityinfo><eoddata date="2017-02-24"><open>25.57</open><high>25.57</high><low>25.48</low><close>25.50</close><vwap>25.5012</vwap><change>-0.19</change><changepercent>-0.739587</changepercent><sharevolume>1153</sharevolume><totalvalue>29402.89</totalvalue><totaltrades>10</totaltrades><bid>25.43</bid><ask>25.54</ask><bidsize>20000</bidsize><asksize>640000</asksize></eoddata></history></results>