<?xml version="1.0" encoding="ISO-8859-1"?><!DOCTYPE results SYSTEM "http://app.quotemedia.com/data/dtds/history.dtd"><results><copyright>Copyright (c) 2017 QuoteMedia, Inc.</copyright><symbolcount>1</symbolcount><history symbolstring="QEM:CC" start="2017-07-04" end="2017-07-04" adjusted="true" unadjusted="false"><key><symbol><![CDATA[QEM:CC]]></symbol><exchange><![CDATA[TSX]]></exchange><exLgName><![CDATA[Toronto Stock Exchange]]></exLgName><exShName><![CDATA[TSX]]></exShName><marketplace><![CDATA[TSXC]]></marketplace></key><equityinfo><longname><![CDATA[QuantShares Enhanced Core Emerging Markets Equity ETF]]></longname><shortname><![CDATA[QEM:CC]]></shortname></equityinfo><eoddata date="2017-07-04"><open>26.99</open><high>26.99</high><low>26.99</low><close>26.99</close><vwap>26.99</vwap><change>-0.10</change><changepercent>-0.36914</changepercent><sharevolume>181</sharevolume><totalvalue>4885.19</totalvalue><totaltrades>2</totaltrades><bid>26.90</bid><ask>26.98</ask><bidsize>10000</bidsize><asksize>690000</asksize></eoddata></history></results>