<?xml version="1.0" encoding="ISO-8859-1"?><!DOCTYPE results SYSTEM "http://app.quotemedia.com/data/dtds/history.dtd"><results><copyright>Copyright (c) 2017 QuoteMedia, Inc.</copyright><symbolcount>1</symbolcount><history symbolstring="QEM:CC" start="2017-08-10" end="2017-08-10" adjusted="true" unadjusted="false"><key><symbol><![CDATA[QEM:CC]]></symbol><exchange><![CDATA[TSX]]></exchange><exLgName><![CDATA[Toronto Stock Exchange]]></exLgName><exShName><![CDATA[TSX]]></exShName><marketplace><![CDATA[TSXC]]></marketplace></key><equityinfo><longname><![CDATA[QuantShares Enhanced Core Emerging Markets Equity ETF]]></longname><shortname><![CDATA[QEM:CC]]></shortname></equityinfo><eoddata date="2017-08-10"><open>27.30</open><high>27.33</high><low>27.24</low><close>27.33</close><vwap>27.2686</vwap><change>-0.37</change><changepercent>-1.3357</changepercent><sharevolume>24295</sharevolume><totalvalue>662493.25</totalvalue><totaltrades>51</totaltrades><bid>27.19</bid><ask>27.30</ask><bidsize>360000</bidsize><asksize>710000</asksize></eoddata></history></results>