<?xml version="1.0" encoding="ISO-8859-1"?><!DOCTYPE results SYSTEM "http://app.quotemedia.com/data/dtds/history.dtd"><results><copyright>Copyright (c) 2017 QuoteMedia, Inc.</copyright><symbolcount>1</symbolcount><history symbolstring="QEM:CC" start="2017-03-15" end="2017-03-15" adjusted="true" unadjusted="false"><key><symbol><![CDATA[QEM:CC]]></symbol><exchange><![CDATA[TSX]]></exchange><exLgName><![CDATA[Toronto Stock Exchange]]></exLgName><exShName><![CDATA[TSX]]></exShName><marketplace><![CDATA[TSXC]]></marketplace></key><equityinfo><longname><![CDATA[QuantShares Enhanced Core Emerging Markets Equity ETF]]></longname><shortname><![CDATA[QEM:CC]]></shortname></equityinfo><eoddata date="2017-03-15"><open>26.25</open><high>26.29</high><low>26.25</low><close>26.27</close><vwap>26.2574</vwap><change>0.01</change><changepercent>0.038081</changepercent><sharevolume>370</sharevolume><totalvalue>9714.8</totalvalue><totaltrades>7</totaltrades><bid>26.17</bid><ask>26.25</ask><bidsize>20000</bidsize><asksize>680000</asksize></eoddata></history></results>