<?xml version="1.0" encoding="ISO-8859-1"?><!DOCTYPE results SYSTEM "http://app.quotemedia.com/data/dtds/history.dtd"><results><copyright>Copyright (c) 2017 QuoteMedia, Inc.</copyright><symbolcount>1</symbolcount><history symbolstring="QEM:CC" start="2017-09-29" end="2017-09-29" adjusted="true" unadjusted="false"><key><symbol><![CDATA[QEM:CC]]></symbol><exchange><![CDATA[TSX]]></exchange><exLgName><![CDATA[Toronto Stock Exchange]]></exLgName><exShName><![CDATA[TSX]]></exShName><marketplace><![CDATA[TSXC]]></marketplace></key><equityinfo><longname><![CDATA[QuantShares Enhanced Core Emerging Markets Equity ETF]]></longname><shortname><![CDATA[QEM:CC]]></shortname></equityinfo><eoddata date="2017-09-29"><open>27.13</open><high>27.15</high><low>27.13</low><close>27.15</close><vwap>27.1407</vwap><change>0.21</change><changepercent>0.77951</changepercent><sharevolume>3093</sharevolume><totalvalue>83946.95</totalvalue><totaltrades>4</totaltrades><bid>27.07</bid><ask>27.19</ask><bidsize>10000</bidsize><asksize>10000</asksize></eoddata></history></results>