<?xml version="1.0" encoding="ISO-8859-1"?><!DOCTYPE results SYSTEM "http://app.quotemedia.com/data/dtds/history.dtd"><results><copyright>Copyright (c) 2017 QuoteMedia, Inc.</copyright><symbolcount>1</symbolcount><history symbolstring="QEM:CC" start="2017-08-25" end="2017-08-25" adjusted="true" unadjusted="false"><key><symbol><![CDATA[QEM:CC]]></symbol><exchange><![CDATA[TSX]]></exchange><exLgName><![CDATA[Toronto Stock Exchange]]></exLgName><exShName><![CDATA[TSX]]></exShName><marketplace><![CDATA[TSXC]]></marketplace></key><equityinfo><longname><![CDATA[QuantShares Enhanced Core Emerging Markets Equity ETF]]></longname><shortname><![CDATA[QEM:CC]]></shortname></equityinfo><eoddata date="2017-08-25"><open>27.31</open><high>27.41</high><low>27.31</low><close>27.41</close><vwap>27.36</vwap><change>0.18</change><changepercent>0.661036</changepercent><sharevolume>294</sharevolume><totalvalue>8044.14</totalvalue><totaltrades>4</totaltrades><bid>27.26</bid><ask>27.36</ask><bidsize>10000</bidsize><asksize>700000</asksize></eoddata></history></results>