<?xml version="1.0" encoding="ISO-8859-1"?><!DOCTYPE results SYSTEM "http://app.quotemedia.com/data/dtds/history.dtd"><results><copyright>Copyright (c) 2017 QuoteMedia, Inc.</copyright><symbolcount>1</symbolcount><history symbolstring="QEM:CC" start="2017-09-12" end="2017-09-12" adjusted="true" unadjusted="false"><key><symbol><![CDATA[QEM:CC]]></symbol><exchange><![CDATA[TSX]]></exchange><exLgName><![CDATA[Toronto Stock Exchange]]></exLgName><exShName><![CDATA[TSX]]></exShName><marketplace><![CDATA[TSXC]]></marketplace></key><equityinfo><longname><![CDATA[QuantShares Enhanced Core Emerging Markets Equity ETF]]></longname><shortname><![CDATA[QEM:CC]]></shortname></equityinfo><eoddata date="2017-09-12"><open>26.91</open><high>26.91</high><low>26.88</low><close>26.88</close><vwap>26.89</vwap><change>0.06</change><changepercent>0.223714</changepercent><sharevolume>2479</sharevolume><totalvalue>66660.99</totalvalue><totaltrades>12</totaltrades><bid>26.85</bid><ask>26.97</ask><bidsize>10000</bidsize><asksize>700000</asksize></eoddata></history></results>