<?xml version="1.0" encoding="ISO-8859-1"?><!DOCTYPE results SYSTEM "http://app.quotemedia.com/data/dtds/history.dtd"><results><copyright>Copyright (c) 2017 QuoteMedia, Inc.</copyright><symbolcount>1</symbolcount><history symbolstring="QEM:CC" start="2017-08-08" end="2017-08-08" adjusted="true" unadjusted="false"><key><symbol><![CDATA[QEM:CC]]></symbol><exchange><![CDATA[TSX]]></exchange><exLgName><![CDATA[Toronto Stock Exchange]]></exLgName><exShName><![CDATA[TSX]]></exShName><marketplace><![CDATA[TSXC]]></marketplace></key><equityinfo><longname><![CDATA[QuantShares Enhanced Core Emerging Markets Equity ETF]]></longname><shortname><![CDATA[QEM:CC]]></shortname></equityinfo><eoddata date="2017-08-08"><open>27.90</open><high>27.90</high><low>27.90</low><close>27.90</close><vwap>27.90</vwap><change>0.34</change><changepercent>1.2337</changepercent><sharevolume>180</sharevolume><totalvalue>5022</totalvalue><totaltrades>2</totaltrades><bid>27.73</bid><ask>27.80</ask><bidsize>10000</bidsize><asksize>700000</asksize></eoddata></history></results>