<?xml version="1.0" encoding="ISO-8859-1"?><!DOCTYPE results SYSTEM "http://app.quotemedia.com/data/dtds/history.dtd"><results><copyright>Copyright (c) 2017 QuoteMedia, Inc.</copyright><symbolcount>1</symbolcount><history symbolstring="QEM:CC" start="2017-03-22" end="2017-03-22" adjusted="true" unadjusted="false"><key><symbol><![CDATA[QEM:CC]]></symbol><exchange><![CDATA[TSX]]></exchange><exLgName><![CDATA[Toronto Stock Exchange]]></exLgName><exShName><![CDATA[TSX]]></exShName><marketplace><![CDATA[TSXC]]></marketplace></key><equityinfo><longname><![CDATA[QuantShares Enhanced Core Emerging Markets Equity ETF]]></longname><shortname><![CDATA[QEM:CC]]></shortname></equityinfo><eoddata date="2017-03-22"><open>26.74</open><high>26.74</high><low>26.74</low><close>26.74</close><vwap>26.74</vwap><change>0.05</change><changepercent>0.187336</changepercent><sharevolume>50</sharevolume><totalvalue>1337</totalvalue><totaltrades>1</totaltrades><bid>0.00</bid><ask>0.00</ask><bidsize>0</bidsize><asksize>0</asksize></eoddata></history></results>