<?xml version="1.0" encoding="ISO-8859-1"?><!DOCTYPE results SYSTEM "http://app.quotemedia.com/data/dtds/history.dtd"><results><copyright>Copyright (c) 2017 QuoteMedia, Inc.</copyright><symbolcount>1</symbolcount><history symbolstring="QEM:CC" start="2017-08-28" end="2017-08-28" adjusted="true" unadjusted="false"><key><symbol><![CDATA[QEM:CC]]></symbol><exchange><![CDATA[TSX]]></exchange><exLgName><![CDATA[Toronto Stock Exchange]]></exLgName><exShName><![CDATA[TSX]]></exShName><marketplace><![CDATA[TSXC]]></marketplace></key><equityinfo><longname><![CDATA[QuantShares Enhanced Core Emerging Markets Equity ETF]]></longname><shortname><![CDATA[QEM:CC]]></shortname></equityinfo><eoddata date="2017-08-28"><open>27.39</open><high>27.39</high><low>27.35</low><close>27.35</close><vwap>27.3619</vwap><change>-0.06</change><changepercent>-0.218898</changepercent><sharevolume>5267</sharevolume><totalvalue>144115.12</totalvalue><totaltrades>11</totaltrades><bid>27.35</bid><ask>27.44</ask><bidsize>10000</bidsize><asksize>700000</asksize></eoddata></history></results>