<?xml version="1.0" encoding="ISO-8859-1"?><!DOCTYPE results SYSTEM "http://app.quotemedia.com/data/dtds/history.dtd"><results><copyright>Copyright (c) 2017 QuoteMedia, Inc.</copyright><symbolcount>1</symbolcount><history symbolstring="QEM:CC" start="2017-06-16" end="2017-06-16" adjusted="true" unadjusted="false"><key><symbol><![CDATA[QEM:CC]]></symbol><exchange><![CDATA[TSX]]></exchange><exLgName><![CDATA[Toronto Stock Exchange]]></exLgName><exShName><![CDATA[TSX]]></exShName><marketplace><![CDATA[TSXC]]></marketplace></key><equityinfo><longname><![CDATA[QuantShares Enhanced Core Emerging Markets Equity ETF]]></longname><shortname><![CDATA[QEM:CC]]></shortname></equityinfo><eoddata date="2017-06-16"><open>27.42</open><high>27.42</high><low>27.42</low><close>27.42</close><vwap>27.42</vwap><change>-0.73</change><changepercent>-2.5933</changepercent><sharevolume>245</sharevolume><totalvalue>6717.9</totalvalue><totaltrades>2</totaltrades><bid>27.38</bid><ask>27.42</ask><bidsize>20000</bidsize><asksize>10000</asksize></eoddata></history></results>