<?xml version="1.0" encoding="ISO-8859-1"?><!DOCTYPE results SYSTEM "http://app.quotemedia.com/data/dtds/history.dtd"><results><copyright>Copyright (c) 2017 QuoteMedia, Inc.</copyright><symbolcount>1</symbolcount><history symbolstring="QEM:CC" start="2017-02-02" end="2017-02-02" adjusted="true" unadjusted="false"><key><symbol><![CDATA[QEM:CC]]></symbol><exchange><![CDATA[TSX]]></exchange><exLgName><![CDATA[Toronto Stock Exchange]]></exLgName><exShName><![CDATA[TSX]]></exShName><marketplace><![CDATA[TSXC]]></marketplace></key><equityinfo><longname><![CDATA[QuantShares Enhanced Core Emerging Markets Equity ETF]]></longname><shortname><![CDATA[QEM:CC]]></shortname></equityinfo><eoddata date="2017-02-02"><open>24.98</open><high>24.98</high><low>24.98</low><close>24.98</close><vwap>24.98</vwap><change>0.23</change><changepercent>0.929293</changepercent><sharevolume>100</sharevolume><totalvalue>2498</totalvalue><totaltrades>1</totaltrades><bid>24.76</bid><ask>24.83</ask><bidsize>200000</bidsize><asksize>10000</asksize></eoddata></history></results>