<?xml version="1.0" encoding="ISO-8859-1"?><!DOCTYPE results SYSTEM "http://app.quotemedia.com/data/dtds/history.dtd"><results><copyright>Copyright (c) 2017 QuoteMedia, Inc.</copyright><symbolcount>1</symbolcount><history symbolstring="QEM:CC" start="2017-04-17" end="2017-04-17" adjusted="true" unadjusted="false"><key><symbol><![CDATA[QEM:CC]]></symbol><exchange><![CDATA[TSX]]></exchange><exLgName><![CDATA[Toronto Stock Exchange]]></exLgName><exShName><![CDATA[TSX]]></exShName><marketplace><![CDATA[TSXC]]></marketplace></key><equityinfo><longname><![CDATA[QuantShares Enhanced Core Emerging Markets Equity ETF]]></longname><shortname><![CDATA[QEM:CC]]></shortname></equityinfo><eoddata date="2017-04-17"><open>26.45</open><high>26.45</high><low>26.45</low><close>26.45</close><vwap>26.45</vwap><change>-0.12</change><changepercent>-0.451637</changepercent><sharevolume>2000</sharevolume><totalvalue>52900</totalvalue><totaltrades>2</totaltrades><bid>26.45</bid><ask>26.55</ask><bidsize>20000</bidsize><asksize>700000</asksize></eoddata></history></results>