<?xml version="1.0" encoding="ISO-8859-1"?><!DOCTYPE results SYSTEM "http://app.quotemedia.com/data/dtds/history.dtd"><results><copyright>Copyright (c) 2017 QuoteMedia, Inc.</copyright><symbolcount>1</symbolcount><history symbolstring="QEM:CC" start="2017-09-19" end="2017-09-19" adjusted="true" unadjusted="false"><key><symbol><![CDATA[QEM:CC]]></symbol><exchange><![CDATA[TSX]]></exchange><exLgName><![CDATA[Toronto Stock Exchange]]></exLgName><exShName><![CDATA[TSX]]></exShName><marketplace><![CDATA[TSXC]]></marketplace></key><equityinfo><longname><![CDATA[QuantShares Enhanced Core Emerging Markets Equity ETF]]></longname><shortname><![CDATA[QEM:CC]]></shortname></equityinfo><eoddata date="2017-09-19"><open>27.36</open><high>27.36</high><low>27.36</low><close>27.36</close><vwap>27.36</vwap><change>0.08</change><changepercent>0.293255</changepercent><sharevolume>686</sharevolume><totalvalue>18768.96</totalvalue><totaltrades>4</totaltrades><bid>27.32</bid><ask>27.39</ask><bidsize>20000</bidsize><asksize>10000</asksize></eoddata></history></results>