<?xml version="1.0" encoding="ISO-8859-1"?><!DOCTYPE results SYSTEM "http://app.quotemedia.com/data/dtds/history.dtd"><results><copyright>Copyright (c) 2017 QuoteMedia, Inc.</copyright><symbolcount>1</symbolcount><history symbolstring="QEM:CC" start="2017-02-23" end="2017-02-23" adjusted="true" unadjusted="false"><key><symbol><![CDATA[QEM:CC]]></symbol><exchange><![CDATA[TSX]]></exchange><exLgName><![CDATA[Toronto Stock Exchange]]></exLgName><exShName><![CDATA[TSX]]></exShName><marketplace><![CDATA[TSXC]]></marketplace></key><equityinfo><longname><![CDATA[QuantShares Enhanced Core Emerging Markets Equity ETF]]></longname><shortname><![CDATA[QEM:CC]]></shortname></equityinfo><eoddata date="2017-02-23"><open>25.69</open><high>25.69</high><low>25.69</low><close>25.69</close><vwap>25.69</vwap><change>0.08</change><changepercent>0.312378</changepercent><sharevolume>130</sharevolume><totalvalue>3340.6</totalvalue><totaltrades>2</totaltrades><bid>25.62</bid><ask>25.72</ask><bidsize>20000</bidsize><asksize>690000</asksize></eoddata></history></results>