<?xml version="1.0" encoding="ISO-8859-1"?><!DOCTYPE results SYSTEM "http://app.quotemedia.com/data/dtds/history.dtd"><results><copyright>Copyright (c) 2017 QuoteMedia, Inc.</copyright><symbolcount>1</symbolcount><history symbolstring="QEM:CC" start="2017-06-06" end="2017-06-06" adjusted="true" unadjusted="false"><key><symbol><![CDATA[QEM:CC]]></symbol><exchange><![CDATA[TSX]]></exchange><exLgName><![CDATA[Toronto Stock Exchange]]></exLgName><exShName><![CDATA[TSX]]></exShName><marketplace><![CDATA[TSXC]]></marketplace></key><equityinfo><longname><![CDATA[QuantShares Enhanced Core Emerging Markets Equity ETF]]></longname><shortname><![CDATA[QEM:CC]]></shortname></equityinfo><eoddata date="2017-06-06"><open>28.37</open><high>28.37</high><low>28.37</low><close>28.37</close><vwap>28.37</vwap><change>28.37</change><changepercent>0.00</changepercent><sharevolume>134</sharevolume><totalvalue>3801.24</totalvalue><totaltrades>2</totaltrades><bid>28.29</bid><ask>28.38</ask><bidsize>20000</bidsize><asksize>700000</asksize></eoddata></history></results>