<?xml version="1.0" encoding="ISO-8859-1"?><!DOCTYPE results SYSTEM "http://app.quotemedia.com/data/dtds/history.dtd"><results><copyright>Copyright (c) 2017 QuoteMedia, Inc.</copyright><symbolcount>1</symbolcount><history symbolstring="QGL:CC" start="2017-02-06" end="2017-02-06" adjusted="true" unadjusted="false"><key><symbol><![CDATA[QGL:CC]]></symbol><exchange><![CDATA[TSX]]></exchange><exLgName><![CDATA[Toronto Stock Exchange]]></exLgName><exShName><![CDATA[TSX]]></exShName><marketplace><![CDATA[TSXC]]></marketplace></key><equityinfo><longname><![CDATA[QuantShares Global Equity Rotation ETF]]></longname><shortname><![CDATA[QGL:CC]]></shortname></equityinfo><eoddata date="2017-02-06"><open>25.18</open><high>25.18</high><low>25.18</low><close>25.18</close><vwap>25.18</vwap><change>0.18</change><changepercent>0.72</changepercent><sharevolume>40</sharevolume><totalvalue>1007.2</totalvalue><totaltrades>1</totaltrades><bid>25.07</bid><ask>25.15</ask><bidsize>30000</bidsize><asksize>30000</asksize></eoddata></history></results>