<?xml version="1.0" encoding="ISO-8859-1"?><!DOCTYPE results SYSTEM "http://app.quotemedia.com/data/dtds/history.dtd"><results><copyright>Copyright (c) 2017 QuoteMedia, Inc.</copyright><symbolcount>1</symbolcount><history symbolstring="QGL:CC" start="2017-01-31" end="2017-01-31" adjusted="true" unadjusted="false"><key><symbol><![CDATA[QGL:CC]]></symbol><exchange><![CDATA[TSX]]></exchange><exLgName><![CDATA[Toronto Stock Exchange]]></exLgName><exShName><![CDATA[TSX]]></exShName><marketplace><![CDATA[TSXC]]></marketplace></key><equityinfo><longname><![CDATA[QuantShares Global Equity Rotation ETF]]></longname><shortname><![CDATA[QGL:CC]]></shortname></equityinfo><eoddata date="2017-01-31"><open>24.75</open><high>24.75</high><low>24.75</low><close>24.75</close><vwap>24.75</vwap><change>-0.28</change><changepercent>-1.1187</changepercent><sharevolume>600</sharevolume><totalvalue>14850</totalvalue><totaltrades>1</totaltrades><bid>24.76</bid><ask>24.84</ask><bidsize>30000</bidsize><asksize>30000</asksize></eoddata></history></results>