<?xml version="1.0" encoding="ISO-8859-1"?><!DOCTYPE results SYSTEM "http://app.quotemedia.com/data/dtds/history.dtd"><results><copyright>Copyright (c) 2017 QuoteMedia, Inc.</copyright><symbolcount>1</symbolcount><history symbolstring="QGL:CC" start="2017-06-15" end="2017-06-15" adjusted="true" unadjusted="false"><key><symbol><![CDATA[QGL:CC]]></symbol><exchange><![CDATA[TSX]]></exchange><exLgName><![CDATA[Toronto Stock Exchange]]></exLgName><exShName><![CDATA[TSX]]></exShName><marketplace><![CDATA[TSXC]]></marketplace></key><equityinfo><longname><![CDATA[QuantShares Global Equity Rotation ETF]]></longname><shortname><![CDATA[QGL:CC]]></shortname></equityinfo><eoddata date="2017-06-15"><open>27.09</open><high>27.09</high><low>27.09</low><close>27.09</close><vwap>27.09</vwap><change>27.09</change><changepercent>0.00</changepercent><sharevolume>2300</sharevolume><totalvalue>62307</totalvalue><totaltrades>3</totaltrades><bid>27.06</bid><ask>27.12</ask><bidsize>1740000</bidsize><asksize>120000</asksize></eoddata></history></results>