<?xml version="1.0" encoding="ISO-8859-1"?><!DOCTYPE results SYSTEM "http://app.quotemedia.com/data/dtds/history.dtd"><results><copyright>Copyright (c) 2017 QuoteMedia, Inc.</copyright><symbolcount>1</symbolcount><history symbolstring="QGL:CC" start="2017-02-13" end="2017-02-13" adjusted="true" unadjusted="false"><key><symbol><![CDATA[QGL:CC]]></symbol><exchange><![CDATA[TSX]]></exchange><exLgName><![CDATA[Toronto Stock Exchange]]></exLgName><exShName><![CDATA[TSX]]></exShName><marketplace><![CDATA[TSXC]]></marketplace></key><equityinfo><longname><![CDATA[QuantShares Global Equity Rotation ETF]]></longname><shortname><![CDATA[QGL:CC]]></shortname></equityinfo><eoddata date="2017-02-13"><close>25.30</close><change>0.00</change><changepercent>0.00</changepercent><sharevolume>90</sharevolume><totalvalue>2298.6</totalvalue><totaltrades>1</totaltrades><bid>25.40</bid><ask>25.48</ask><bidsize>20000</bidsize><asksize>20000</asksize></eoddata></history></results>