<?xml version="1.0" encoding="ISO-8859-1"?><!DOCTYPE results SYSTEM "http://app.quotemedia.com/data/dtds/history.dtd"><results><copyright>Copyright (c) 2017 QuoteMedia, Inc.</copyright><symbolcount>1</symbolcount><history symbolstring="QGL:CC" start="2017-02-17" end="2017-02-17" adjusted="true" unadjusted="false"><key><symbol><![CDATA[QGL:CC]]></symbol><exchange><![CDATA[TSX]]></exchange><exLgName><![CDATA[Toronto Stock Exchange]]></exLgName><exShName><![CDATA[TSX]]></exShName><marketplace><![CDATA[TSXC]]></marketplace></key><equityinfo><longname><![CDATA[QuantShares Global Equity Rotation ETF]]></longname><shortname><![CDATA[QGL:CC]]></shortname></equityinfo><eoddata date="2017-02-17"><open>25.57</open><high>25.57</high><low>25.57</low><close>25.57</close><vwap>25.57</vwap><change>0.27</change><changepercent>1.0672</changepercent><sharevolume>40</sharevolume><totalvalue>1022.8</totalvalue><totaltrades>1</totaltrades><bid>25.57</bid><ask>25.65</ask><bidsize>20000</bidsize><asksize>20000</asksize></eoddata></history></results>