<?xml version="1.0" encoding="ISO-8859-1"?><!DOCTYPE results SYSTEM "http://app.quotemedia.com/data/dtds/history.dtd"><results><copyright>Copyright (c) 2017 QuoteMedia, Inc.</copyright><symbolcount>1</symbolcount><history symbolstring="QGL:CC" start="2017-03-27" end="2017-03-27" adjusted="true" unadjusted="false"><key><symbol><![CDATA[QGL:CC]]></symbol><exchange><![CDATA[TSX]]></exchange><exLgName><![CDATA[Toronto Stock Exchange]]></exLgName><exShName><![CDATA[TSX]]></exShName><marketplace><![CDATA[TSXC]]></marketplace></key><equityinfo><longname><![CDATA[QuantShares Global Equity Rotation ETF]]></longname><shortname><![CDATA[QGL:CC]]></shortname></equityinfo><eoddata date="2017-03-27"><open>26.22</open><high>26.22</high><low>26.22</low><close>26.22</close><vwap>26.22</vwap><change>-0.06</change><changepercent>-0.22831</changepercent><sharevolume>1000</sharevolume><totalvalue>26220</totalvalue><totaltrades>3</totaltrades><bid>26.27</bid><ask>26.33</ask><bidsize>90000</bidsize><asksize>90000</asksize></eoddata></history></results>