<?xml version="1.0" encoding="ISO-8859-1"?><!DOCTYPE results SYSTEM "http://app.quotemedia.com/data/dtds/history.dtd"><results><copyright>Copyright (c) 2017 QuoteMedia, Inc.</copyright><symbolcount>1</symbolcount><history symbolstring="QGL:CC" start="2017-06-28" end="2017-06-28" adjusted="true" unadjusted="false"><key><symbol><![CDATA[QGL:CC]]></symbol><exchange><![CDATA[TSX]]></exchange><exLgName><![CDATA[Toronto Stock Exchange]]></exLgName><exShName><![CDATA[TSX]]></exShName><marketplace><![CDATA[TSXC]]></marketplace></key><equityinfo><longname><![CDATA[QuantShares Global Equity Rotation ETF]]></longname><shortname><![CDATA[QGL:CC]]></shortname></equityinfo><eoddata date="2017-06-28"><open>26.79</open><high>26.79</high><low>26.79</low><close>26.79</close><vwap>26.79</vwap><change>-0.39</change><changepercent>-1.4349</changepercent><sharevolume>250</sharevolume><totalvalue>6697.5</totalvalue><totaltrades>2</totaltrades><bid>26.73</bid><ask>26.79</ask><bidsize>120000</bidsize><asksize>930000</asksize></eoddata></history></results>