<?xml version="1.0" encoding="ISO-8859-1"?><!DOCTYPE results SYSTEM "http://app.quotemedia.com/data/dtds/history.dtd"><results><copyright>Copyright (c) 2017 QuoteMedia, Inc.</copyright><symbolcount>1</symbolcount><history symbolstring="QGL:CC" start="2017-04-24" end="2017-04-24" adjusted="true" unadjusted="false"><key><symbol><![CDATA[QGL:CC]]></symbol><exchange><![CDATA[TSX]]></exchange><exLgName><![CDATA[Toronto Stock Exchange]]></exLgName><exShName><![CDATA[TSX]]></exShName><marketplace><![CDATA[TSXC]]></marketplace></key><equityinfo><longname><![CDATA[QuantShares Global Equity Rotation ETF]]></longname><shortname><![CDATA[QGL:CC]]></shortname></equityinfo><eoddata date="2017-04-24"><open>26.88</open><high>26.88</high><low>26.88</low><close>26.88</close><vwap>26.88</vwap><change>26.88</change><changepercent>0.00</changepercent><sharevolume>100</sharevolume><totalvalue>2688</totalvalue><totaltrades>1</totaltrades><bid>26.83</bid><ask>26.91</ask><bidsize>1340000</bidsize><asksize>1740000</asksize></eoddata></history></results>