<?xml version="1.0" encoding="ISO-8859-1"?><!DOCTYPE results SYSTEM "http://app.quotemedia.com/data/dtds/history.dtd"><results><copyright>Copyright (c) 2017 QuoteMedia, Inc.</copyright><symbolcount>1</symbolcount><history symbolstring="QGL:CC" start="2017-06-26" end="2017-06-26" adjusted="true" unadjusted="false"><key><symbol><![CDATA[QGL:CC]]></symbol><exchange><![CDATA[TSX]]></exchange><exLgName><![CDATA[Toronto Stock Exchange]]></exLgName><exShName><![CDATA[TSX]]></exShName><marketplace><![CDATA[TSXC]]></marketplace></key><equityinfo><longname><![CDATA[QuantShares Global Equity Rotation ETF]]></longname><shortname><![CDATA[QGL:CC]]></shortname></equityinfo><eoddata date="2017-06-26"><open>27.18</open><high>27.18</high><low>27.18</low><close>27.18</close><vwap>27.18</vwap><change>27.18</change><changepercent>0.00</changepercent><sharevolume>100</sharevolume><totalvalue>2718</totalvalue><totaltrades>1</totaltrades><bid>27.12</bid><ask>27.16</ask><bidsize>20000</bidsize><asksize>120000</asksize></eoddata></history></results>