<?xml version="1.0" encoding="ISO-8859-1"?><!DOCTYPE results SYSTEM "http://app.quotemedia.com/data/dtds/history.dtd"><results><copyright>Copyright (c) 2017 QuoteMedia, Inc.</copyright><symbolcount>1</symbolcount><history symbolstring="QGL:CC" start="2017-04-28" end="2017-04-28" adjusted="true" unadjusted="false"><key><symbol><![CDATA[QGL:CC]]></symbol><exchange><![CDATA[TSX]]></exchange><exLgName><![CDATA[Toronto Stock Exchange]]></exLgName><exShName><![CDATA[TSX]]></exShName><marketplace><![CDATA[TSXC]]></marketplace></key><equityinfo><longname><![CDATA[QuantShares Global Equity Rotation ETF]]></longname><shortname><![CDATA[QGL:CC]]></shortname></equityinfo><eoddata date="2017-04-28"><open>27.19</open><high>27.19</high><low>27.19</low><close>27.19</close><vwap>27.19</vwap><change>0.31</change><changepercent>1.1533</changepercent><sharevolume>124</sharevolume><totalvalue>3371.56</totalvalue><totaltrades>2</totaltrades><bid>27.17</bid><ask>27.24</ask><bidsize>940000</bidsize><asksize>800000</asksize></eoddata></history></results>