<?xml version="1.0" encoding="ISO-8859-1"?><!DOCTYPE results SYSTEM "http://app.quotemedia.com/data/dtds/history.dtd"><results><copyright>Copyright (c) 2017 QuoteMedia, Inc.</copyright><symbolcount>1</symbolcount><history symbolstring="QGL:CC" start="2017-05-15" end="2017-05-15" adjusted="true" unadjusted="false"><key><symbol><![CDATA[QGL:CC]]></symbol><exchange><![CDATA[TSX]]></exchange><exLgName><![CDATA[Toronto Stock Exchange]]></exLgName><exShName><![CDATA[TSX]]></exShName><marketplace><![CDATA[TSXC]]></marketplace></key><equityinfo><longname><![CDATA[QuantShares Global Equity Rotation ETF]]></longname><shortname><![CDATA[QGL:CC]]></shortname></equityinfo><eoddata date="2017-05-15"><open>27.60</open><high>27.60</high><low>27.60</low><close>27.60</close><vwap>27.60</vwap><change>27.60</change><changepercent>0.00</changepercent><sharevolume>200</sharevolume><totalvalue>5520</totalvalue><totaltrades>1</totaltrades><bid>27.60</bid><ask>27.68</ask><bidsize>820000</bidsize><asksize>1620000</asksize></eoddata></history></results>