<?xml version="1.0" encoding="ISO-8859-1"?><!DOCTYPE results SYSTEM "http://app.quotemedia.com/data/dtds/history.dtd"><results><copyright>Copyright (c) 2017 QuoteMedia, Inc.</copyright><symbolcount>1</symbolcount><history symbolstring="QGL:CC" start="2017-03-24" end="2017-03-24" adjusted="true" unadjusted="false"><key><symbol><![CDATA[QGL:CC]]></symbol><exchange><![CDATA[TSX]]></exchange><exLgName><![CDATA[Toronto Stock Exchange]]></exLgName><exShName><![CDATA[TSX]]></exShName><marketplace><![CDATA[TSXC]]></marketplace></key><equityinfo><longname><![CDATA[QuantShares Global Equity Rotation ETF]]></longname><shortname><![CDATA[QGL:CC]]></shortname></equityinfo><eoddata date="2017-03-24"><open>26.26</open><high>26.28</high><low>26.26</low><close>26.28</close><vwap>26.2782</vwap><change>0.00</change><changepercent>0.00</changepercent><sharevolume>1140</sharevolume><totalvalue>29956.4</totalvalue><totaltrades>3</totaltrades><bid>0.00</bid><ask>0.00</ask><bidsize>0</bidsize><asksize>0</asksize></eoddata></history></results>