<?xml version="1.0" encoding="ISO-8859-1"?><!DOCTYPE results SYSTEM "http://app.quotemedia.com/data/dtds/history.dtd"><results><copyright>Copyright (c) 2017 QuoteMedia, Inc.</copyright><symbolcount>1</symbolcount><history symbolstring="QGL:CC" start="2017-02-08" end="2017-02-08" adjusted="true" unadjusted="false"><key><symbol><![CDATA[QGL:CC]]></symbol><exchange><![CDATA[TSX]]></exchange><exLgName><![CDATA[Toronto Stock Exchange]]></exLgName><exShName><![CDATA[TSX]]></exShName><marketplace><![CDATA[TSXC]]></marketplace></key><equityinfo><longname><![CDATA[QuantShares Global Equity Rotation ETF]]></longname><shortname><![CDATA[QGL:CC]]></shortname></equityinfo><eoddata date="2017-02-08"><open>25.24</open><high>25.24</high><low>25.24</low><close>25.24</close><vwap>25.24</vwap><change>0.06</change><changepercent>0.238284</changepercent><sharevolume>27</sharevolume><totalvalue>681.48</totalvalue><totaltrades>1</totaltrades><bid>25.23</bid><ask>25.31</ask><bidsize>20000</bidsize><asksize>20000</asksize></eoddata></history></results>