<?xml version="1.0" encoding="ISO-8859-1"?><!DOCTYPE results SYSTEM "http://app.quotemedia.com/data/dtds/history.dtd"><results><copyright>Copyright (c) 2017 QuoteMedia, Inc.</copyright><symbolcount>1</symbolcount><history symbolstring="QGL:CC" start="2017-05-16" end="2017-05-16" adjusted="true" unadjusted="false"><key><symbol><![CDATA[QGL:CC]]></symbol><exchange><![CDATA[TSX]]></exchange><exLgName><![CDATA[Toronto Stock Exchange]]></exLgName><exShName><![CDATA[TSX]]></exShName><marketplace><![CDATA[TSXC]]></marketplace></key><equityinfo><longname><![CDATA[QuantShares Global Equity Rotation ETF]]></longname><shortname><![CDATA[QGL:CC]]></shortname></equityinfo><eoddata date="2017-05-16"><open>27.58</open><high>27.58</high><low>27.58</low><close>27.58</close><vwap>27.58</vwap><change>-0.02</change><changepercent>-0.072464</changepercent><sharevolume>1190</sharevolume><totalvalue>32820.2</totalvalue><totaltrades>2</totaltrades><bid>27.48</bid><ask>27.60</ask><bidsize>820000</bidsize><asksize>1600000</asksize></eoddata></history></results>