<?xml version="1.0" encoding="ISO-8859-1"?><!DOCTYPE results SYSTEM "http://app.quotemedia.com/data/dtds/history.dtd"><results><copyright>Copyright (c) 2017 QuoteMedia, Inc.</copyright><symbolcount>1</symbolcount><history symbolstring="QGL:CC" start="2017-02-09" end="2017-02-09" adjusted="true" unadjusted="false"><key><symbol><![CDATA[QGL:CC]]></symbol><exchange><![CDATA[TSX]]></exchange><exLgName><![CDATA[Toronto Stock Exchange]]></exLgName><exShName><![CDATA[TSX]]></exShName><marketplace><![CDATA[TSXC]]></marketplace></key><equityinfo><longname><![CDATA[QuantShares Global Equity Rotation ETF]]></longname><shortname><![CDATA[QGL:CC]]></shortname></equityinfo><eoddata date="2017-02-09"><open>25.30</open><high>25.30</high><low>25.30</low><close>25.30</close><vwap>25.30</vwap><change>0.06</change><changepercent>0.237718</changepercent><sharevolume>50</sharevolume><totalvalue>1265</totalvalue><totaltrades>1</totaltrades><bid>25.30</bid><ask>25.38</ask><bidsize>20000</bidsize><asksize>20000</asksize></eoddata></history></results>