<?xml version="1.0" encoding="ISO-8859-1"?><!DOCTYPE results SYSTEM "http://app.quotemedia.com/data/dtds/history.dtd"><results><copyright>Copyright (c) 2017 QuoteMedia, Inc.</copyright><symbolcount>1</symbolcount><history symbolstring="QGL:CC" start="2017-03-08" end="2017-03-08" adjusted="true" unadjusted="false"><key><symbol><![CDATA[QGL:CC]]></symbol><exchange><![CDATA[TSX]]></exchange><exLgName><![CDATA[Toronto Stock Exchange]]></exLgName><exShName><![CDATA[TSX]]></exShName><marketplace><![CDATA[TSXC]]></marketplace></key><equityinfo><longname><![CDATA[QuantShares Global Equity Rotation ETF]]></longname><shortname><![CDATA[QGL:CC]]></shortname></equityinfo><eoddata date="2017-03-08"><open>26.37</open><high>26.37</high><low>26.37</low><close>26.37</close><vwap>26.37</vwap><change>0.08</change><changepercent>0.304298</changepercent><sharevolume>950</sharevolume><totalvalue>25051.5</totalvalue><totaltrades>2</totaltrades><bid>26.22</bid><ask>26.30</ask><bidsize>20000</bidsize><asksize>20000</asksize></eoddata></history></results>