<?xml version="1.0" encoding="ISO-8859-1"?><!DOCTYPE results SYSTEM "http://app.quotemedia.com/data/dtds/history.dtd"><results><copyright>Copyright (c) 2017 QuoteMedia, Inc.</copyright><symbolcount>1</symbolcount><history symbolstring="QGL:CC" start="2017-03-22" end="2017-03-22" adjusted="true" unadjusted="false"><key><symbol><![CDATA[QGL:CC]]></symbol><exchange><![CDATA[TSX]]></exchange><exLgName><![CDATA[Toronto Stock Exchange]]></exLgName><exShName><![CDATA[TSX]]></exShName><marketplace><![CDATA[TSXC]]></marketplace></key><equityinfo><longname><![CDATA[QuantShares Global Equity Rotation ETF]]></longname><shortname><![CDATA[QGL:CC]]></shortname></equityinfo><eoddata date="2017-03-22"><open>26.28</open><high>26.28</high><low>26.28</low><close>26.28</close><vwap>26.28</vwap><change>-0.17</change><changepercent>-0.642722</changepercent><sharevolume>50</sharevolume><totalvalue>1314</totalvalue><totaltrades>1</totaltrades><bid>26.17</bid><ask>26.26</ask><bidsize>800000</bidsize><asksize>800000</asksize></eoddata></history></results>