<?xml version="1.0" encoding="ISO-8859-1"?><!DOCTYPE results SYSTEM "http://app.quotemedia.com/data/dtds/history.dtd"><results><copyright>Copyright (c) 2017 QuoteMedia, Inc.</copyright><symbolcount>1</symbolcount><history symbolstring="QGL:CC" start="2017-03-01" end="2017-03-01" adjusted="true" unadjusted="false"><key><symbol><![CDATA[QGL:CC]]></symbol><exchange><![CDATA[TSX]]></exchange><exLgName><![CDATA[Toronto Stock Exchange]]></exLgName><exShName><![CDATA[TSX]]></exShName><marketplace><![CDATA[TSXC]]></marketplace></key><equityinfo><longname><![CDATA[QuantShares Global Equity Rotation ETF]]></longname><shortname><![CDATA[QGL:CC]]></shortname></equityinfo><eoddata date="2017-03-01"><open>26.05</open><high>26.05</high><low>26.05</low><close>26.05</close><vwap>26.05</vwap><change>0.41</change><changepercent>1.5991</changepercent><sharevolume>100</sharevolume><totalvalue>2605</totalvalue><totaltrades>1</totaltrades><bid>26.31</bid><ask>26.37</ask><bidsize>1600000</bidsize><asksize>820000</asksize></eoddata></history></results>