<?xml version="1.0" encoding="ISO-8859-1"?><!DOCTYPE results SYSTEM "http://app.quotemedia.com/data/dtds/history.dtd"><results><copyright>Copyright (c) 2017 QuoteMedia, Inc.</copyright><symbolcount>1</symbolcount><history symbolstring="QGL:CC" start="2017-03-17" end="2017-03-17" adjusted="true" unadjusted="false"><key><symbol><![CDATA[QGL:CC]]></symbol><exchange><![CDATA[TSX]]></exchange><exLgName><![CDATA[Toronto Stock Exchange]]></exLgName><exShName><![CDATA[TSX]]></exShName><marketplace><![CDATA[TSXC]]></marketplace></key><equityinfo><longname><![CDATA[QuantShares Global Equity Rotation ETF]]></longname><shortname><![CDATA[QGL:CC]]></shortname></equityinfo><eoddata date="2017-03-17"><open>26.45</open><high>26.45</high><low>26.45</low><close>26.45</close><vwap>26.45</vwap><change>26.45</change><changepercent>0.00</changepercent><sharevolume>100</sharevolume><totalvalue>2645</totalvalue><totaltrades>1</totaltrades><bid>26.38</bid><ask>26.44</ask><bidsize>90000</bidsize><asksize>90000</asksize></eoddata></history></results>