<?xml version="1.0" encoding="ISO-8859-1"?><!DOCTYPE results SYSTEM "http://app.quotemedia.com/data/dtds/history.dtd"><results><copyright>Copyright (c) 2017 QuoteMedia, Inc.</copyright><symbolcount>1</symbolcount><history symbolstring="QGL:CC" start="2017-02-02" end="2017-02-02" adjusted="true" unadjusted="false"><key><symbol><![CDATA[QGL:CC]]></symbol><exchange><![CDATA[TSX]]></exchange><exLgName><![CDATA[Toronto Stock Exchange]]></exLgName><exShName><![CDATA[TSX]]></exShName><marketplace><![CDATA[TSXC]]></marketplace></key><equityinfo><longname><![CDATA[QuantShares Global Equity Rotation ETF]]></longname><shortname><![CDATA[QGL:CC]]></shortname></equityinfo><eoddata date="2017-02-02"><open>24.93</open><high>24.93</high><low>24.93</low><close>24.93</close><vwap>24.93</vwap><change>0.18</change><changepercent>0.727273</changepercent><sharevolume>100</sharevolume><totalvalue>2493</totalvalue><totaltrades>1</totaltrades><bid>24.85</bid><ask>24.93</ask><bidsize>30000</bidsize><asksize>30000</asksize></eoddata></history></results>