<?xml version="1.0" encoding="ISO-8859-1"?><!DOCTYPE results SYSTEM "http://app.quotemedia.com/data/dtds/history.dtd"><results><copyright>Copyright (c) 2017 QuoteMedia, Inc.</copyright><symbolcount>1</symbolcount><history symbolstring="QGL:CC" start="2017-01-30" end="2017-01-30" adjusted="true" unadjusted="false"><key><symbol><![CDATA[QGL:CC]]></symbol><exchange><![CDATA[TSX]]></exchange><exLgName><![CDATA[Toronto Stock Exchange]]></exLgName><exShName><![CDATA[TSX]]></exShName><marketplace><![CDATA[TSXC]]></marketplace></key><equityinfo><longname><![CDATA[QuantShares Global Equity Rotation ETF]]></longname><shortname><![CDATA[QGL:CC]]></shortname></equityinfo><eoddata date="2017-01-30"><open>25.03</open><high>25.03</high><low>25.03</low><close>25.03</close><vwap>25.03</vwap><change>25.03</change><changepercent>0.00</changepercent><sharevolume>311</sharevolume><totalvalue>7784.33</totalvalue><totaltrades>5</totaltrades><bid>25.00</bid><ask>25.03</ask><bidsize>1000000</bidsize><asksize>980000</asksize></eoddata></history></results>