<?xml version="1.0" encoding="ISO-8859-1"?><!DOCTYPE results SYSTEM "http://app.quotemedia.com/data/dtds/history.dtd"><results><copyright>Copyright (c) 2017 QuoteMedia, Inc.</copyright><symbolcount>1</symbolcount><history symbolstring="QGL:CC" start="2017-02-03" end="2017-02-03" adjusted="true" unadjusted="false"><key><symbol><![CDATA[QGL:CC]]></symbol><exchange><![CDATA[TSX]]></exchange><exLgName><![CDATA[Toronto Stock Exchange]]></exLgName><exShName><![CDATA[TSX]]></exShName><marketplace><![CDATA[TSXC]]></marketplace></key><equityinfo><longname><![CDATA[QuantShares Global Equity Rotation ETF]]></longname><shortname><![CDATA[QGL:CC]]></shortname></equityinfo><eoddata date="2017-02-03"><open>25.00</open><high>25.00</high><low>25.00</low><close>25.00</close><vwap>25.00</vwap><change>0.07</change><changepercent>0.280786</changepercent><sharevolume>336</sharevolume><totalvalue>8400</totalvalue><totaltrades>2</totaltrades><bid>25.02</bid><ask>25.10</ask><bidsize>30000</bidsize><asksize>30000</asksize></eoddata></history></results>