<?xml version="1.0" encoding="ISO-8859-1"?><!DOCTYPE results SYSTEM "http://app.quotemedia.com/data/dtds/history.dtd"><results><copyright>Copyright (c) 2017 QuoteMedia, Inc.</copyright><symbolcount>1</symbolcount><history symbolstring="QGL:CC" start="2017-02-24" end="2017-02-24" adjusted="true" unadjusted="false"><key><symbol><![CDATA[QGL:CC]]></symbol><exchange><![CDATA[TSX]]></exchange><exLgName><![CDATA[Toronto Stock Exchange]]></exLgName><exShName><![CDATA[TSX]]></exShName><marketplace><![CDATA[TSXC]]></marketplace></key><equityinfo><longname><![CDATA[QuantShares Global Equity Rotation ETF]]></longname><shortname><![CDATA[QGL:CC]]></shortname></equityinfo><eoddata date="2017-02-24"><open>25.64</open><high>25.64</high><low>25.64</low><close>25.64</close><vwap>25.64</vwap><change>25.64</change><changepercent>0.00</changepercent><sharevolume>90</sharevolume><totalvalue>2307.6</totalvalue><totaltrades>1</totaltrades><bid>25.70</bid><ask>25.75</ask><bidsize>800000</bidsize><asksize>800000</asksize></eoddata></history></results>