<?xml version="1.0" encoding="ISO-8859-1"?><!DOCTYPE results SYSTEM "http://app.quotemedia.com/data/dtds/history.dtd"><results><copyright>Copyright (c) 2017 QuoteMedia, Inc.</copyright><symbolcount>1</symbolcount><history symbolstring="QGL:CC" start="2017-03-03" end="2017-03-03" adjusted="true" unadjusted="false"><key><symbol><![CDATA[QGL:CC]]></symbol><exchange><![CDATA[TSX]]></exchange><exLgName><![CDATA[Toronto Stock Exchange]]></exLgName><exShName><![CDATA[TSX]]></exShName><marketplace><![CDATA[TSXC]]></marketplace></key><equityinfo><longname><![CDATA[QuantShares Global Equity Rotation ETF]]></longname><shortname><![CDATA[QGL:CC]]></shortname></equityinfo><eoddata date="2017-03-03"><open>26.30</open><high>26.30</high><low>26.29</low><close>26.29</close><vwap>26.2989</vwap><change>0.24</change><changepercent>0.921305</changepercent><sharevolume>338</sharevolume><totalvalue>8889.02</totalvalue><totaltrades>2</totaltrades><bid>26.24</bid><ask>26.28</ask><bidsize>100000</bidsize><asksize>1700000</asksize></eoddata></history></results>